tick,sequence,node,phase_tick,coherence,energy,shell_ring_ticks,spin_bias,phase_id,phase,pathway_id,pathway,drive
0,0,0,1,0,1,0,0,0,free,0,free_pool,0
0,0,1,2,2,2,0,0,1,formation,1,depression_consumption,0
0,0,2,3,1,0,0,0,0,free,0,free_pool,0
0,0,3,4,2,0,0,0,0,free,0,free_pool,0
0,0,4,5,1,2,0,0,1,formation,1,depression_consumption,0
0,0,5,6,1,2,0,0,1,formation,1,depression_consumption,0
0,0,6,7,1,0,0,0,0,free,0,free_pool,0
0,0,7,8,1,0,0,0,0,free,0,free_pool,0
0,0,8,9,1,0,0,0,0,free,0,free_pool,0
0,0,9,10,0,0,0,0,0,free,0,free_pool,0
0,0,10,11,0,1,0,0,0,free,0,free_pool,0
0,0,11,12,2,0,0,0,0,free,0,free_pool,0
0,0,12,13,0,1,0,0,0,free,0,free_pool,0
0,0,13,14,1,1,0,0,1,formation,1,depression_consumption,0
0,0,14,15,0,2,0,0,0,free,0,free_pool,0
0,0,15,16,2,0,0,0,0,free,0,free_pool,0
0,0,16,17,2,2,0,0,1,formation,1,depression_consumption,0
0,0,17,18,1,2,0,0,1,formation,1,depression_consumption,0
0,0,18,19,0,4,0,0,0,free,0,free_pool,1
0,0,19,20,1,1,0,0,1,formation,1,depression_consumption,0
0,0,20,21,1,1,0,0,1,formation,1,depression_consumption,0
0,0,21,22,0,2,0,0,0,free,0,free_pool,0
0,0,22,23,2,2,0,0,1,formation,1,depression_consumption,0
0,0,23,24,0,0,0,0,0,free,0,free_pool,0
0,0,24,25,0,0,0,0,0,free,0,free_pool,0
0,0,25,26,0,0,0,0,0,free,0,free_pool,0
0,0,26,27,0,1,0,0,0,free,0,free_pool,0
0,0,27,28,1,1,0,0,1,formation,1,depression_consumption,0
0,0,28,29,1,2,0,0,1,formation,1,depression_consumption,1
0,0,29,30,0,0,0,0,0,free,0,free_pool,0
0,0,30,31,0,0,0,0,0,free,0,free_pool,0
0,0,31,32,0,0,0,0,0,free,0,free_pool,0
0,0,32,33,0,2,0,0,0,free,0,free_pool,0
0,0,33,34,0,0,0,0,0,free,0,free_pool,0
0,0,34,35,0,1,0,0,0,free,0,free_pool,0
0,0,35,36,1,0,0,0,0,free,0,free_pool,0
0,0,36,37,0,2,0,0,0,free,0,free_pool,0
0,0,37,38,0,0,0,0,0,free,0,free_pool,0
0,0,38,39,1,0,0,0,0,free,0,free_pool,0
0,0,39,40,2,0,0,0,0,free,0,free_pool,0
0,0,40,41,0,1,0,0,0,free,0,free_pool,0
0,0,41,42,0,0,0,0,0,free,0,free_pool,0
0,0,42,43,1,0,0,0,0,free,0,free_pool,0
0,0,43,44,2,0,0,0,0,free,0,free_pool,0
0,0,44,45,2,0,0,0,0,free,0,free_pool,0
0,0,45,46,1,0,0,0,0,free,0,free_pool,0
0,0,46,47,1,2,0,0,1,formation,1,depression_consumption,0
0,0,47,48,0,0,0,0,0,free,0,free_pool,0
0,0,48,49,0,1,0,0,0,free,0,free_pool,0
0,0,49,50,0,0,0,0,0,free,0,free_pool,0
0,0,50,51,0,2,0,0,0,free,0,free_pool,0
0,0,51,52,0,1,0,0,0,free,0,free_pool,0
0,0,52,53,0,1,0,0,0,free,0,free_pool,0
0,0,53,54,0,0,0,0,0,free,0,free_pool,0
0,0,54,55,0,1,0,0,0,free,0,free_pool,0
0,0,55,56,1,4,0,0,1,formation,1,depression_consumption,1
0,0,56,57,0,0,0,0,0,free,0,free_pool,0
0,0,57,58,2,4,0,0,1,formation,1,depression_consumption,1
0,0,58,59,0,1,0,0,0,free,0,free_pool,0
0,0,59,60,0,1,0,0,0,free,0,free_pool,0
0,0,60,61,1,1,0,0,1,formation,1,depression_consumption,0
0,0,61,62,0,2,0,0,0,free,0,free_pool,0
0,0,62,63,0,0,0,0,0,free,0,free_pool,0
0,0,63,64,0,0,0,0,0,free,0,free_pool,0
0,0,64,65,1,1,0,0,1,formation,1,depression_consumption,0
0,0,65,66,0,0,0,0,0,free,0,free_pool,0
0,0,66,67,2,0,0,0,0,free,0,free_pool,0
0,0,67,68,0,1,0,0,0,free,0,free_pool,0
0,0,68,69,1,2,0,0,1,formation,1,depression_consumption,0
0,0,69,70,1,2,0,0,1,formation,1,depression_consumption,0
0,0,70,71,0,2,0,0,0,free,0,free_pool,0
0,0,71,72,2,2,0,0,1,formation,1,depression_consumption,0
0,0,72,73,2,2,0,0,1,formation,1,depression_consumption,0
0,0,73,74,0,1,0,0,0,free,0,free_pool,0
0,0,74,75,0,1,0,0,0,free,0,free_pool,0
0,0,75,76,1,0,0,0,0,free,0,free_pool,0
0,0,76,77,0,1,0,0,0,free,0,free_pool,0
0,0,77,78,2,0,0,0,0,free,0,free_pool,0
0,0,78,79,2,0,0,0,0,free,0,free_pool,0
0,0,79,80,1,2,0,0,1,formation,1,depression_consumption,0
0,0,80,81,0,0,0,0,0,free,0,free_pool,0
0,0,81,82,2,2,0,0,1,formation,1,depression_consumption,0
0,0,82,83,1,1,0,0,1,formation,1,depression_consumption,0
0,0,83,84,0,0,0,0,0,free,0,free_pool,0
0,0,84,85,0,1,0,0,0,free,0,free_pool,0
0,0,85,86,0,0,0,0,0,free,0,free_pool,0
0,0,86,87,0,3,0,0,0,free,0,free_pool,1
0,0,87,88,0,1,0,0,0,free,0,free_pool,0
0,0,88,89,1,1,0,0,1,formation,1,depression_consumption,0
0,0,89,90,0,0,0,0,0,free,0,free_pool,0
0,0,90,91,0,0,0,0,0,free,0,free_pool,0
0,0,91,92,2,0,0,0,0,free,0,free_pool,0
0,0,92,93,0,1,0,0,0,free,0,free_pool,1
0,0,93,94,0,1,0,0,0,free,0,free_pool,0
0,0,94,95,0,0,0,0,0,free,0,free_pool,0
0,0,95,96,1,0,0,0,0,free,0,free_pool,0
0,0,96,97,0,0,0,0,0,free,0,free_pool,0
0,0,97,98,0,1,0,0,0,free,0,free_pool,0
0,0,98,99,0,1,0,0,0,free,0,free_pool,0
0,0,99,100,2,1,0,0,1,formation,1,depression_consumption,0
0,0,100,101,2,0,0,0,0,free,0,free_pool,0
0,0,101,102,0,1,0,0,0,free,0,free_pool,0
0,0,102,103,1,0,0,0,0,free,0,free_pool,0
0,0,103,104,1,1,0,0,1,formation,1,depression_consumption,0
0,0,104,105,2,0,0,0,0,free,0,free_pool,0
0,0,105,106,0,0,0,0,0,free,0,free_pool,0
0,0,106,107,0,1,0,0,0,free,0,free_pool,0
0,0,107,108,0,1,0,0,0,free,0,free_pool,0
0,0,108,109,0,1,0,0,0,free,0,free_pool,0
0,0,109,110,0,1,0,0,0,free,0,free_pool,0
0,0,110,111,0,0,0,0,0,free,0,free_pool,0
0,0,111,112,0,2,0,0,0,free,0,free_pool,0
0,0,112,113,0,0,0,0,0,free,0,free_pool,0
0,0,113,114,0,0,0,0,0,free,0,free_pool,0
0,0,114,115,0,2,0,0,0,free,0,free_pool,0
0,0,115,116,5,2,1,1,1,formation,1,depression_consumption,1
0,0,116,117,2,1,0,0,1,formation,1,depression_consumption,0
0,0,117,118,2,0,0,0,0,free,0,free_pool,0
0,0,118,119,0,1,0,0,0,free,0,free_pool,0
0,0,119,120,1,2,0,0,1,formation,1,depression_consumption,0
0,0,120,121,2,1,0,0,1,formation,1,depression_consumption,0
0,0,121,122,1,1,0,0,1,formation,1,depression_consumption,0
0,0,122,123,1,0,0,0,0,free,0,free_pool,0
0,0,123,124,0,2,0,0,0,free,0,free_pool,0
0,0,124,125,0,2,0,0,0,free,0,free_pool,0
0,0,125,126,2,0,0,0,0,free,0,free_pool,0
0,0,126,127,1,1,0,0,1,formation,1,depression_consumption,0
0,0,127,128,1,0,0,0,0,free,0,free_pool,0
0,0,128,129,2,0,0,0,0,free,0,free_pool,0
0,0,129,130,5,4,1,1,1,formation,1,depression_consumption,1
0,0,130,131,2,1,0,0,1,formation,1,depression_consumption,0
0,0,131,132,2,2,0,0,1,formation,1,depression_consumption,0
0,0,132,133,2,2,0,0,1,formation,1,depression_consumption,0
0,0,133,134,0,0,0,0,0,free,0,free_pool,0
0,0,134,135,0,2,0,0,0,free,0,free_pool,0
0,0,135,136,0,1,0,0,0,free,0,free_pool,0
0,0,136,137,0,0,0,0,0,free,0,free_pool,0
0,0,137,138,1,2,0,0,1,formation,1,depression_consumption,0
0,0,138,139,1,0,0,0,0,free,0,free_pool,0
0,0,139,140,1,1,0,0,1,formation,1,depression_consumption,0
0,0,140,141,2,2,0,0,1,formation,1,depression_consumption,0
0,0,141,142,0,0,0,0,0,free,0,free_pool,0
0,0,142,143,0,0,0,0,0,free,0,free_pool,0
0,0,143,144,0,2,0,0,0,free,0,free_pool,0
0,0,144,145,5,4,1,1,1,formation,1,depression_consumption,1
0,0,145,146,0,0,0,0,0,free,0,free_pool,0
0,0,146,147,1,2,0,0,1,formation,1,depression_consumption,0
0,0,147,148,2,0,0,0,0,free,0,free_pool,0
0,0,148,149,1,0,0,0,0,free,0,free_pool,0
0,0,149,150,1,0,0,0,0,free,0,free_pool,0
0,0,150,151,0,1,0,0,0,free,0,free_pool,0
0,0,151,152,0,0,0,0,0,free,0,free_pool,0
0,0,152,153,0,2,0,0,0,free,0,free_pool,0
0,0,153,154,0,2,0,0,0,free,0,free_pool,0
0,0,154,155,0,0,0,0,0,free,0,free_pool,0
0,0,155,156,0,2,0,0,0,free,0,free_pool,0
0,0,156,157,1,1,0,0,1,formation,1,depression_consumption,0
0,0,157,158,1,1,0,0,1,formation,1,depression_consumption,0
0,0,158,159,1,2,0,0,1,formation,1,depression_consumption,0
0,0,159,160,0,1,0,0,0,free,0,free_pool,0
0,0,160,161,0,2,0,0,0,free,0,free_pool,0
0,0,161,162,0,0,0,0,0,free,0,free_pool,0
0,0,162,163,2,0,0,0,0,free,0,free_pool,0
0,0,163,164,1,1,0,0,1,formation,1,depression_consumption,0
0,0,164,165,2,0,0,0,0,free,0,free_pool,0
0,0,165,166,2,1,0,0,1,formation,1,depression_consumption,0
0,0,166,167,0,3,0,0,0,free,0,free_pool,1
0,0,167,168,0,2,0,0,0,free,0,free_pool,0
0,0,168,169,0,1,0,0,0,free,0,free_pool,0
0,0,169,170,0,0,0,0,0,free,0,free_pool,0
0,0,170,171,0,0,0,0,0,free,0,free_pool,0
0,0,171,172,0,0,0,0,0,free,0,free_pool,0
0,0,172,173,1,0,0,0,0,free,0,free_pool,0
0,0,173,174,0,4,0,0,0,free,0,free_pool,1
0,0,174,175,2,0,0,0,0,free,0,free_pool,0
0,0,175,176,1,1,0,0,1,formation,1,depression_consumption,0
0,0,176,177,2,2,0,0,1,formation,1,depression_consumption,0
0,0,177,178,0,0,0,0,0,free,0,free_pool,0
0,0,178,179,1,0,0,0,0,free,0,free_pool,0
0,0,179,180,0,1,0,0,0,free,0,free_pool,0
0,0,180,181,2,0,0,0,0,free,0,free_pool,0
0,0,181,182,0,0,0,0,0,free,0,free_pool,0
0,0,182,183,1,0,0,0,0,free,0,free_pool,0
0,0,183,184,0,0,0,0,0,free,0,free_pool,0
0,0,184,185,0,0,0,0,0,free,0,free_pool,0
0,0,185,186,0,1,0,0,0,free,0,free_pool,0
0,0,186,187,2,2,0,0,1,formation,1,depression_consumption,0
0,0,187,188,0,2,0,0,0,free,0,free_pool,0
0,0,188,189,0,2,0,0,0,free,0,free_pool,0
0,0,189,190,2,0,0,0,0,free,0,free_pool,0
0,0,190,191,0,2,0,0,0,free,0,free_pool,0
0,0,191,192,0,0,0,0,0,free,0,free_pool,0
0,0,192,193,0,1,0,0,0,free,0,free_pool,0
0,0,193,194,0,0,0,0,0,free,0,free_pool,0
0,0,194,195,2,0,0,0,0,free,0,free_pool,0
0,0,195,196,0,2,0,0,0,free,0,free_pool,0
0,0,196,197,1,1,0,0,1,formation,1,depression_consumption,0
0,0,197,198,1,1,0,0,1,formation,1,depression_consumption,0
0,0,198,199,1,2,0,0,1,formation,1,depression_consumption,0
0,0,199,200,0,1,0,0,0,free,0,free_pool,0
0,0,200,201,1,1,0,0,1,formation,1,depression_consumption,0
0,0,201,202,0,0,0,0,0,free,0,free_pool,0
0,0,202,203,1,2,0,0,1,formation,1,depression_consumption,1
0,0,203,204,0,3,0,0,0,free,0,free_pool,1
0,0,204,205,2,1,0,0,1,formation,1,depression_consumption,0
0,0,205,206,1,2,0,0,1,formation,1,depression_consumption,0
0,0,206,207,0,0,0,0,0,free,0,free_pool,0
0,0,207,208,1,2,0,0,1,formation,1,depression_consumption,0
0,0,208,209,1,0,0,0,0,free,0,free_pool,0
0,0,209,210,0,0,0,0,0,free,0,free_pool,0
0,0,210,211,0,1,0,0,0,free,0,free_pool,0
0,0,211,212,1,0,0,0,0,free,0,free_pool,0
0,0,212,213,0,2,0,0,0,free,0,free_pool,0
0,0,213,214,2,0,0,0,0,free,0,free_pool,0
0,0,214,215,1,0,0,0,0,free,0,free_pool,0
0,0,215,216,0,2,0,0,0,free,0,free_pool,0
0,0,216,217,0,0,0,0,0,free,0,free_pool,0
0,0,217,218,0,0,0,0,0,free,0,free_pool,0
0,0,218,219,0,2,0,0,0,free,0,free_pool,0
0,0,219,220,0,1,0,0,0,free,0,free_pool,0
0,0,220,221,0,0,0,0,0,free,0,free_pool,0
0,0,221,222,2,0,0,0,0,free,0,free_pool,0
0,0,222,223,2,1,0,0,1,formation,1,depression_consumption,0
0,0,223,224,0,0,0,0,0,free,0,free_pool,0
0,0,224,225,2,1,0,0,1,formation,1,depression_consumption,0
0,0,225,226,2,2,0,0,1,formation,1,depression_consumption,0
0,0,226,227,0,0,0,0,0,free,0,free_pool,0
0,0,227,228,0,2,0,0,0,free,0,free_pool,0
0,0,228,229,0,2,0,0,0,free,0,free_pool,0
0,0,229,230,1,0,0,0,0,free,0,free_pool,0
0,0,230,231,0,2,0,0,0,free,0,free_pool,0
0,0,231,232,1,1,0,0,1,formation,1,depression_consumption,1
0,0,232,233,2,0,0,0,0,free,0,free_pool,0
0,0,233,234,0,0,0,0,0,free,0,free_pool,0
0,0,234,235,0,1,0,0,0,free,0,free_pool,0
0,0,235,236,2,1,0,0,1,formation,1,depression_consumption,0
0,0,236,237,1,0,0,0,0,free,0,free_pool,0
0,0,237,238,0,0,0,0,0,free,0,free_pool,0
0,0,238,239,0,1,0,0,0,free,0,free_pool,0
0,0,239,240,0,1,0,0,0,free,0,free_pool,0
0,0,240,241,0,1,0,0,0,free,0,free_pool,1
0,0,241,242,1,1,0,0,1,formation,1,depression_consumption,0
0,0,242,243,1,1,0,0,1,formation,1,depression_consumption,0
0,0,243,244,1,0,0,0,0,free,0,free_pool,0
0,0,244,245,2,0,0,0,0,free,0,free_pool,0
0,0,245,246,0,2,0,0,0,free,0,free_pool,0
0,0,246,247,0,0,0,0,0,free,0,free_pool,0
0,0,247,248,2,0,0,0,0,free,0,free_pool,0
0,0,248,249,1,0,0,0,0,free,0,free_pool,0
0,0,249,250,0,0,0,0,0,free,0,free_pool,0
0,0,250,251,0,1,0,0,0,free,0,free_pool,0
0,0,251,252,1,1,0,0,1,formation,1,depression_consumption,0
0,0,252,253,2,0,0,0,0,free,0,free_pool,0
0,0,253,254,2,0,0,0,0,free,0,free_pool,0
0,0,254,255,1,2,0,0,1,formation,1,depression_consumption,0
0,0,255,256,2,2,0,0,1,formation,1,depression_consumption,0
0,0,256,257,0,1,0,0,0,free,0,free_pool,0
0,0,257,258,0,2,0,0,0,free,0,free_pool,0
0,0,258,259,0,0,0,0,0,free,0,free_pool,0
0,0,259,260,2,2,0,0,1,formation,1,depression_consumption,0
0,0,260,261,2,2,0,0,1,formation,1,depression_consumption,1
0,0,261,262,0,0,0,0,0,free,0,free_pool,0
0,0,262,263,0,1,0,0,0,free,0,free_pool,0
0,0,263,264,2,0,0,0,0,free,0,free_pool,0
0,0,264,265,1,0,0,0,0,free,0,free_pool,0
0,0,265,266,2,0,0,0,0,free,0,free_pool,0
0,0,266,267,0,0,0,0,0,free,0,free_pool,0
0,0,267,268,0,2,0,0,0,free,0,free_pool,0
0,0,268,269,0,2,0,0,0,free,0,free_pool,0
0,0,269,270,2,0,0,0,0,free,0,free_pool,0
0,0,270,271,2,0,0,0,0,free,0,free_pool,0
0,0,271,272,1,0,0,0,0,free,0,free_pool,0
0,0,272,273,0,1,0,0,0,free,0,free_pool,0
0,0,273,274,2,1,0,0,1,formation,1,depression_consumption,0
0,0,274,275,1,2,0,0,1,formation,1,depression_consumption,0
0,0,275,276,0,1,0,0,0,free,0,free_pool,0
0,0,276,277,2,0,0,0,0,free,0,free_pool,0
0,0,277,278,2,4,0,0,1,formation,1,depression_consumption,1
0,0,278,279,0,0,0,0,0,free,0,free_pool,0
0,0,279,280,2,0,0,0,0,free,0,free_pool,0
0,0,280,281,1,0,0,0,0,free,0,free_pool,0
0,0,281,282,0,1,0,0,0,free,0,free_pool,0
0,0,282,283,0,1,0,0,0,free,0,free_pool,0
0,0,283,284,0,0,0,0,0,free,0,free_pool,0
0,0,284,285,1,2,0,0,1,formation,1,depression_consumption,0
0,0,285,286,1,1,0,0,1,formation,1,depression_consumption,0
0,0,286,287,1,1,0,0,1,formation,1,depression_consumption,0
0,0,287,288,1,0,0,0,0,free,0,free_pool,0
0,0,288,289,2,0,0,0,0,free,0,free_pool,0
0,0,289,290,0,2,0,0,0,free,0,free_pool,1
0,0,290,291,0,1,0,0,0,free,0,free_pool,0
0,0,291,292,0,0,0,0,0,free,0,free_pool,0
0,0,292,293,1,0,0,0,0,free,0,free_pool,0
0,0,293,294,1,0,0,0,0,free,0,free_pool,0
0,0,294,295,0,2,0,0,0,free,0,free_pool,0
0,0,295,296,1,0,0,0,0,free,0,free_pool,0
0,0,296,297,0,0,0,0,0,free,0,free_pool,0
0,0,297,298,0,0,0,0,0,free,0,free_pool,0
0,0,298,299,0,0,0,0,0,free,0,free_pool,0
0,0,299,300,0,0,0,0,0,free,0,free_pool,0
0,0,300,301,0,1,0,0,0,free,0,free_pool,0
0,0,301,302,0,0,0,0,0,free,0,free_pool,0
0,0,302,303,0,0,0,0,0,free,0,free_pool,0
0,0,303,304,2,2,0,0,1,formation,1,depression_consumption,0
0,0,304,305,1,0,0,0,0,free,0,free_pool,0
0,0,305,306,0,0,0,0,0,free,0,free_pool,0
0,0,306,307,2,0,0,0,0,free,0,free_pool,0
0,0,307,308,1,1,0,0,1,formation,1,depression_consumption,0
0,0,308,309,0,1,0,0,0,free,0,free_pool,0
0,0,309,310,0,1,0,0,0,free,0,free_pool,0
0,0,310,311,0,1,0,0,0,free,0,free_pool,0
0,0,311,312,1,2,0,0,1,formation,1,depression_consumption,0
0,0,312,313,1,0,0,0,0,free,0,free_pool,0
0,0,313,314,1,1,0,0,1,formation,1,depression_consumption,0
0,0,314,315,0,4,0,0,0,free,0,free_pool,1
0,0,315,316,0,1,0,0,0,free,0,free_pool,0
0,0,316,317,2,1,0,0,1,formation,1,depression_consumption,0
0,0,317,318,1,2,0,0,1,formation,1,depression_consumption,0
0,0,318,319,2,2,0,0,1,formation,1,depression_consumption,1
0,0,319,320,2,0,0,0,0,free,0,free_pool,0
0,0,320,321,1,0,0,0,0,free,0,free_pool,0
0,0,321,322,2,2,0,0,1,formation,1,depression_consumption,0
0,0,322,323,0,1,0,0,0,free,0,free_pool,0
0,0,323,324,0,0,0,0,0,free,0,free_pool,0
0,0,324,325,0,1,0,0,0,free,0,free_pool,0
0,0,325,326,1,2,0,0,1,formation,1,depression_consumption,0
0,0,326,327,1,2,0,0,1,formation,1,depression_consumption,0
0,0,327,328,1,0,0,0,0,free,0,free_pool,0
0,0,328,329,2,1,0,0,1,formation,1,depression_consumption,0
0,0,329,330,0,0,0,0,0,free,0,free_pool,0
0,0,330,331,0,0,0,0,0,free,0,free_pool,0
0,0,331,332,0,0,0,0,0,free,0,free_pool,0
0,0,332,333,0,0,0,0,0,free,0,free_pool,0
0,0,333,334,0,1,0,0,0,free,0,free_pool,0
0,0,334,335,1,1,0,0,1,formation,1,depression_consumption,0
0,0,335,336,0,2,0,0,0,free,0,free_pool,0
0,0,336,337,1,0,0,0,0,free,0,free_pool,0
0,0,337,338,0,2,0,0,0,free,0,free_pool,0
0,0,338,339,1,0,0,0,0,free,0,free_pool,0
0,0,339,340,0,1,0,0,0,free,0,free_pool,0
0,0,340,341,0,0,0,0,0,free,0,free_pool,0
0,0,341,342,2,0,0,0,0,free,0,free_pool,0
0,0,342,343,1,0,0,0,0,free,0,free_pool,0
0,0,343,344,0,2,0,0,0,free,0,free_pool,0
0,0,344,345,0,1,0,0,0,free,0,free_pool,0
0,0,345,346,0,1,0,0,0,free,0,free_pool,0
0,0,346,347,0,2,0,0,0,free,0,free_pool,0
0,0,347,348,0,1,0,0,0,free,0,free_pool,1
0,0,348,349,1,0,0,0,0,free,0,free_pool,0
0,0,349,350,0,1,0,0,0,free,0,free_pool,0
0,0,350,351,0,1,0,0,0,free,0,free_pool,0
0,0,351,352,0,1,0,0,0,free,0,free_pool,1
0,0,352,353,0,0,0,0,0,free,0,free_pool,0
0,0,353,354,1,2,0,0,1,formation,1,depression_consumption,0
0,0,354,355,2,1,0,0,1,formation,1,depression_consumption,0
0,0,355,356,1,2,0,0,1,formation,1,depression_consumption,0
0,0,356,357,0,0,0,0,0,free,0,free_pool,0
0,0,357,358,2,0,0,0,0,free,0,free_pool,0
0,0,358,359,0,0,0,0,0,free,0,free_pool,0
0,0,359,360,0,2,0,0,0,free,0,free_pool,0
0,0,360,361,0,0,0,0,0,free,0,free_pool,0
0,0,361,362,2,0,0,0,0,free,0,free_pool,0
0,0,362,363,0,1,0,0,0,free,0,free_pool,0
0,0,363,364,0,2,0,0,0,free,0,free_pool,0
0,0,364,365,0,1,0,0,0,free,0,free_pool,0
0,0,365,366,0,0,0,0,0,free,0,free_pool,0
0,0,366,367,1,0,0,0,0,free,0,free_pool,0
0,0,367,368,0,2,0,0,0,free,0,free_pool,0
0,0,368,369,0,0,0,0,0,free,0,free_pool,0
0,0,369,370,1,0,0,0,0,free,0,free_pool,0
0,0,370,371,2,2,0,0,1,formation,1,depression_consumption,0
0,0,371,372,1,2,0,0,1,formation,1,depression_consumption,0
0,0,372,373,2,0,0,0,0,free,0,free_pool,0
0,0,373,374,0,2,0,0,0,free,0,free_pool,0
0,0,374,375,0,1,0,0,0,free,0,free_pool,0
0,0,375,376,2,1,0,0,1,formation,1,depression_consumption,0
0,0,376,377,2,1,0,1,1,formation,1,depression_consumption,1
0,0,377,378,2,0,0,0,0,free,0,free_pool,0
0,0,378,379,2,1,0,0,1,formation,1,depression_consumption,0
0,0,379,380,0,0,0,0,0,free,0,free_pool,0
0,0,380,381,0,1,0,0,0,free,0,free_pool,0
0,0,381,382,2,1,0,0,1,formation,1,depression_consumption,0
0,0,382,383,2,1,0,0,1,formation,1,depression_consumption,0
0,0,383,384,0,2,0,0,0,free,0,free_pool,0
0,0,384,385,2,1,0,0,1,formation,1,depression_consumption,0
0,0,385,386,0,0,0,0,0,free,0,free_pool,0
0,0,386,387,0,1,0,0,0,free,0,free_pool,0
0,0,387,388,0,1,0,0,0,free,0,free_pool,0
0,0,388,389,0,1,0,0,0,free,0,free_pool,1
0,0,389,390,0,0,0,0,0,free,0,free_pool,0
0,0,390,391,0,0,0,0,0,free,0,free_pool,0
0,0,391,392,2,2,0,0,1,formation,1,depression_consumption,0
0,0,392,393,0,0,0,0,0,free,0,free_pool,0
0,0,393,394,0,1,0,0,0,free,0,free_pool,0
0,0,394,395,1,0,0,0,0,free,0,free_pool,0
0,0,395,396,1,0,0,0,0,free,0,free_pool,0
0,0,396,397,0,1,0,0,0,free,0,free_pool,0
0,0,397,398,0,1,0,0,0,free,0,free_pool,0
0,0,398,399,0,2,0,0,0,free,0,free_pool,0
0,0,399,400,0,2,0,0,0,free,0,free_pool,0
0,0,400,401,2,1,0,0,1,formation,1,depression_consumption,0
0,0,401,402,2,1,0,0,1,formation,1,depression_consumption,0
0,0,402,403,0,0,0,0,0,free,0,free_pool,0
0,0,403,404,2,2,0,0,1,formation,1,depression_consumption,0
0,0,404,405,2,2,0,0,1,formation,1,depression_consumption,0
0,0,405,406,0,1,0,0,0,free,0,free_pool,1
0,0,406,407,0,0,0,0,0,free,0,free_pool,0
0,0,407,408,2,0,0,0,0,free,0,free_pool,0
0,0,408,409,1,0,0,0,0,free,0,free_pool,0
0,0,409,410,2,1,0,0,1,formation,1,depression_consumption,0
0,0,410,411,0,2,0,0,0,free,0,free_pool,0
0,0,411,412,0,1,0,0,0,free,0,free_pool,0
0,0,412,413,2,1,0,0,1,formation,1,depression_consumption,0
0,0,413,414,2,0,0,0,0,free,0,free_pool,0
0,0,414,415,2,1,0,0,1,formation,1,depression_consumption,0
0,0,415,416,0,0,0,0,0,free,0,free_pool,0
0,0,416,417,2,0,0,0,0,free,0,free_pool,0
0,0,417,418,0,1,0,0,0,free,0,free_pool,0
0,0,418,419,2,2,0,0,1,formation,1,depression_consumption,0
0,0,419,420,0,0,0,0,0,free,0,free_pool,0
0,0,420,421,2,2,0,0,1,formation,1,depression_consumption,0
0,0,421,422,0,0,0,0,0,free,0,free_pool,0
0,0,422,423,0,2,0,0,0,free,0,free_pool,0
0,0,423,424,0,1,0,0,0,free,0,free_pool,0
0,0,424,425,2,0,0,0,0,free,0,free_pool,0
0,0,425,426,0,4,0,0,0,free,0,free_pool,1
0,0,426,427,0,0,0,0,0,free,0,free_pool,0
0,0,427,428,0,0,0,0,0,free,0,free_pool,0
0,0,428,429,0,2,0,0,0,free,0,free_pool,0
0,0,429,430,1,1,0,0,1,formation,1,depression_consumption,0
0,0,430,431,1,0,0,0,0,free,0,free_pool,0
0,0,431,432,1,1,0,0,1,formation,1,depression_consumption,0
0,0,432,433,1,0,0,0,0,free,0,free_pool,0
0,0,433,434,0,0,0,0,0,free,0,free_pool,0
0,0,434,435,0,1,0,0,0,free,0,free_pool,1
0,0,435,436,0,1,0,0,0,free,0,free_pool,0
0,0,436,437,1,2,0,0,1,formation,1,depression_consumption,0
0,0,437,438,0,0,0,0,0,free,0,free_pool,0
0,0,438,439,0,0,0,0,0,free,0,free_pool,0
0,0,439,440,1,2,0,0,1,formation,1,depression_consumption,0
0,0,440,441,0,0,0,0,0,free,0,free_pool,0
0,0,441,442,0,2,0,0,0,free,0,free_pool,0
0,0,442,443,0,0,0,0,0,free,0,free_pool,0
0,0,443,444,2,0,0,0,0,free,0,free_pool,0
0,0,444,445,0,0,0,0,0,free,0,free_pool,0
0,0,445,446,2,0,0,0,0,free,0,free_pool,0
0,0,446,447,1,2,0,0,1,formation,1,depression_consumption,0
0,0,447,448,0,1,0,0,0,free,0,free_pool,0
0,0,448,449,0,2,0,0,0,free,0,free_pool,0
0,0,449,450,1,0,0,0,0,free,0,free_pool,0
0,0,450,451,0,0,0,0,0,free,0,free_pool,0
0,0,451,452,1,1,0,0,1,formation,1,depression_consumption,0
0,0,452,453,0,2,0,0,0,free,0,free_pool,0
0,0,453,454,0,0,0,0,0,free,0,free_pool,0
0,0,454,455,0,1,0,0,0,free,0,free_pool,0
0,0,455,456,0,0,0,0,0,free,0,free_pool,0
0,0,456,457,0,0,0,0,0,free,0,free_pool,0
0,0,457,458,1,0,0,0,0,free,0,free_pool,0
0,0,458,459,0,0,0,0,0,free,0,free_pool,0
0,0,459,460,0,1,0,0,0,free,0,free_pool,0
0,0,460,461,0,1,0,0,0,free,0,free_pool,0
0,0,461,462,2,2,0,0,1,formation,1,depression_consumption,0
0,0,462,463,0,3,0,0,0,free,0,free_pool,1
0,0,463,464,2,1,0,1,1,formation,1,depression_consumption,1
0,0,464,465,0,2,0,0,0,free,0,free_pool,0
0,0,465,466,0,0,0,0,0,free,0,free_pool,0
0,0,466,467,1,0,0,0,0,free,0,free_pool,0
0,0,467,468,0,0,0,0,0,free,0,free_pool,0
0,0,468,469,0,1,0,0,0,free,0,free_pool,0
0,0,469,470,2,2,0,0,1,formation,1,depression_consumption,0
0,0,470,471,2,2,0,0,1,formation,1,depression_consumption,0
0,0,471,472,0,2,0,0,0,free,0,free_pool,0
0,0,472,473,0,0,0,0,0,free,0,free_pool,0
0,0,473,474,1,2,0,0,1,formation,1,depression_consumption,0
0,0,474,475,1,0,0,0,0,free,0,free_pool,0
0,0,475,476,0,2,0,0,0,free,0,free_pool,0
0,0,476,477,2,0,0,0,0,free,0,free_pool,0
0,0,477,478,0,0,0,0,0,free,0,free_pool,0
0,0,478,479,0,0,0,0,0,free,0,free_pool,0
0,0,479,480,1,2,0,0,1,formation,1,depression_consumption,0
0,0,480,481,2,2,0,0,1,formation,1,depression_consumption,0
0,0,481,482,0,1,0,0,0,free,0,free_pool,0
0,0,482,483,0,1,0,0,0,free,0,free_pool,0
0,0,483,484,1,0,0,0,0,free,0,free_pool,0
0,0,484,485,2,1,0,0,1,formation,1,depression_consumption,0
0,0,485,486,2,1,0,0,1,formation,1,depression_consumption,0
0,0,486,487,0,2,0,0,0,free,0,free_pool,0
0,0,487,488,0,2,0,0,0,free,0,free_pool,0
0,0,488,489,0,0,0,0,0,free,0,free_pool,0
0,0,489,490,1,0,0,0,0,free,0,free_pool,0
0,0,490,491,0,1,0,0,0,free,0,free_pool,0
0,0,491,492,0,0,0,0,0,free,0,free_pool,0
0,0,492,493,1,2,0,0,1,formation,1,depression_consumption,1
0,0,493,494,2,2,0,0,1,formation,1,depression_consumption,0
0,0,494,495,0,0,0,0,0,free,0,free_pool,0
0,0,495,496,0,0,0,0,0,free,0,free_pool,0
0,0,496,497,2,0,0,0,0,free,0,free_pool,0
0,0,497,498,1,2,0,0,1,formation,1,depression_consumption,0
0,0,498,499,1,2,0,0,1,formation,1,depression_consumption,0
0,0,499,500,0,4,0,0,0,free,0,free_pool,1
0,0,500,501,0,0,0,0,0,free,0,free_pool,0
0,0,501,502,0,0,0,0,0,free,0,free_pool,0
0,0,502,503,0,0,0,0,0,free,0,free_pool,0
0,0,503,504,1,0,0,0,0,free,0,free_pool,0
0,0,504,505,0,0,0,0,0,free,0,free_pool,0
0,0,505,506,2,0,0,0,0,free,0,free_pool,0
0,0,506,507,0,0,0,0,0,free,0,free_pool,0
0,0,507,508,0,1,0,0,0,free,0,free_pool,0
0,0,508,509,2,0,0,0,0,free,0,free_pool,0
0,0,509,510,0,0,0,0,0,free,0,free_pool,0
0,0,510,511,0,0,0,0,0,free,0,free_pool,0
0,0,511,512,0,2,0,0,0,free,0,free_pool,0
3,1,0,4,0,0,0,0,0,free,0,free_pool,0
3,1,1,5,0,1,0,0,0,free,0,free_pool,0
3,1,2,6,0,0,0,0,0,free,0,free_pool,0
3,1,3,7,0,0,0,0,0,free,0,free_pool,0
3,1,4,8,0,0,0,0,0,free,0,free_pool,0
3,1,5,9,0,0,0,0,0,free,0,free_pool,0
3,1,6,10,0,0,0,0,0,free,0,free_pool,0
3,1,7,11,0,0,0,0,0,free,0,free_pool,0
3,1,8,12,0,0,0,0,0,free,0,free_pool,0
3,1,9,13,0,0,0,0,0,free,0,free_pool,0
3,1,10,14,0,0,0,0,0,free,0,free_pool,0
3,1,11,15,0,0,0,0,0,free,0,free_pool,0
3,1,12,16,0,0,0,0,0,free,0,free_pool,0
3,1,13,17,0,0,0,0,0,free,0,free_pool,0
3,1,14,18,0,0,0,0,0,free,0,free_pool,0
3,1,15,19,0,0,0,0,0,free,0,free_pool,0
3,1,16,20,0,1,0,0,0,free,0,free_pool,0
3,1,17,21,0,1,0,0,0,free,0,free_pool,0
3,1,18,22,0,1,0,0,0,free,0,free_pool,0
3,1,19,23,0,0,0,0,0,free,0,free_pool,0
3,1,20,24,0,0,0,0,0,free,0,free_pool,0
3,1,21,25,0,0,0,0,0,free,0,free_pool,0
3,1,22,26,0,1,0,0,0,free,0,free_pool,0
3,1,23,27,0,0,0,0,0,free,0,free_pool,0
3,1,24,28,0,0,0,0,0,free,0,free_pool,0
3,1,25,29,0,1,0,0,0,free,0,free_pool,1
3,1,26,30,0,0,0,0,0,free,0,free_pool,0
3,1,27,31,0,0,0,0,0,free,0,free_pool,0
3,1,28,32,0,0,0,0,0,free,0,free_pool,0
3,1,29,33,0,0,0,0,0,free,0,free_pool,0
3,1,30,34,0,0,0,0,0,free,0,free_pool,0
3,1,31,35,0,0,0,0,0,free,0,free_pool,0
3,1,32,36,0,0,0,0,0,free,0,free_pool,0
3,1,33,37,0,0,0,0,0,free,0,free_pool,0
3,1,34,38,0,0,0,0,0,free,0,free_pool,0
3,1,35,39,0,1,0,0,0,free,0,free_pool,1
3,1,36,40,0,1,0,0,0,free,0,free_pool,0
3,1,37,41,0,0,0,0,0,free,0,free_pool,0
3,1,38,42,0,0,0,0,0,free,0,free_pool,0
3,1,39,43,0,0,0,0,0,free,0,free_pool,0
3,1,40,44,0,0,0,0,0,free,0,free_pool,0
3,1,41,45,0,0,0,0,0,free,0,free_pool,0
3,1,42,46,0,0,0,0,0,free,0,free_pool,0
3,1,43,47,0,0,0,0,0,free,0,free_pool,0
3,1,44,48,0,0,0,0,0,free,0,free_pool,0
3,1,45,49,0,0,0,0,0,free,0,free_pool,0
3,1,46,50,0,0,0,0,0,free,0,free_pool,0
3,1,47,51,0,0,0,0,0,free,0,free_pool,0
3,1,48,52,0,0,0,0,0,free,0,free_pool,0
3,1,49,53,0,0,0,0,0,free,0,free_pool,0
3,1,50,54,0,0,0,0,0,free,0,free_pool,0
3,1,51,55,0,0,0,0,0,free,0,free_pool,0
3,1,52,56,0,0,0,0,0,free,0,free_pool,0
3,1,53,57,0,0,0,0,0,free,0,free_pool,0
3,1,54,58,0,2,0,0,0,free,0,free_pool,1
3,1,55,59,0,3,0,0,0,free,0,free_pool,0
3,1,56,60,0,0,0,0,0,free,0,free_pool,0
3,1,57,61,0,3,0,0,0,free,0,free_pool,0
3,1,58,62,0,0,0,0,0,free,0,free_pool,0
3,1,59,63,0,0,0,0,0,free,0,free_pool,0
3,1,60,64,0,0,0,0,0,free,0,free_pool,0
3,1,61,65,0,0,0,0,0,free,0,free_pool,0
3,1,62,66,0,0,0,0,0,free,0,free_pool,0
3,1,63,67,0,0,0,0,0,free,0,free_pool,0
3,1,64,68,0,0,0,0,0,free,0,free_pool,0
3,1,65,69,0,0,0,0,0,free,0,free_pool,0
3,1,66,70,0,0,0,0,0,free,0,free_pool,0
3,1,67,71,0,0,0,0,0,free,0,free_pool,0
3,1,68,72,0,0,0,0,0,free,0,free_pool,0
3,1,69,73,0,0,0,0,0,free,0,free_pool,0
3,1,70,74,0,0,0,0,0,free,0,free_pool,0
3,1,71,75,0,1,0,0,0,free,0,free_pool,0
3,1,72,76,0,2,0,0,0,free,0,free_pool,1
3,1,73,77,0,0,0,0,0,free,0,free_pool,0
3,1,74,78,0,0,0,0,0,free,0,free_pool,0
3,1,75,79,0,0,0,0,0,free,0,free_pool,0
3,1,76,80,0,0,0,0,0,free,0,free_pool,0
3,1,77,81,0,0,0,0,0,free,0,free_pool,0
3,1,78,82,0,0,0,0,0,free,0,free_pool,0
3,1,79,83,0,0,0,0,0,free,0,free_pool,0
3,1,80,84,0,0,0,0,0,free,0,free_pool,0
3,1,81,85,0,1,0,0,0,free,0,free_pool,0
3,1,82,86,0,0,0,0,0,free,0,free_pool,0
3,1,83,87,0,1,0,0,0,free,0,free_pool,1
3,1,84,88,0,0,0,0,0,free,0,free_pool,0
3,1,85,89,0,0,0,0,0,free,0,free_pool,0
3,1,86,90,0,0,0,0,0,free,0,free_pool,0
3,1,87,91,0,0,0,0,0,free,0,free_pool,0
3,1,88,92,0,0,0,0,0,free,0,free_pool,0
3,1,89,93,0,0,0,0,0,free,0,free_pool,0
3,1,90,94,0,0,0,0,0,free,0,free_pool,0
3,1,91,95,0,0,0,0,0,free,0,free_pool,0
3,1,92,96,0,0,0,0,0,free,0,free_pool,0
3,1,93,97,0,0,0,0,0,free,0,free_pool,0
3,1,94,98,0,0,0,0,0,free,0,free_pool,0
3,1,95,99,0,0,0,0,0,free,0,free_pool,0
3,1,96,100,0,0,0,0,0,free,0,free_pool,0
3,1,97,101,0,0,0,0,0,free,0,free_pool,0
3,1,98,102,0,0,0,0,0,free,0,free_pool,0
3,1,99,103,0,0,0,0,0,free,0,free_pool,0
3,1,100,104,0,0,0,0,0,free,0,free_pool,0
3,1,101,105,0,0,0,0,0,free,0,free_pool,0
3,1,102,106,0,0,0,0,0,free,0,free_pool,0
3,1,103,107,0,0,0,0,0,free,0,free_pool,0
3,1,104,108,0,0,0,0,0,free,0,free_pool,0
3,1,105,109,0,0,0,0,0,free,0,free_pool,0
3,1,106,110,0,0,0,0,0,free,0,free_pool,0
3,1,107,111,0,0,0,0,0,free,0,free_pool,0
3,1,108,112,0,0,0,0,0,free,0,free_pool,0
3,1,109,113,4,1,1,1,1,formation,1,depression_consumption,1
3,1,110,114,2,1,0,0,1,formation,1,depression_consumption,0
3,1,111,115,0,0,0,0,0,free,0,free_pool,0
3,1,112,116,4,1,1,1,1,formation,1,depression_consumption,1
3,1,113,117,3,1,0,0,1,formation,1,depression_consumption,0
3,1,114,118,2,3,0,0,1,formation,1,depression_consumption,0
3,1,115,119,2,2,0,0,1,formation,1,depression_consumption,0
3,1,116,120,0,0,0,0,0,free,0,free_pool,0
3,1,117,121,0,0,0,0,0,free,0,free_pool,0
3,1,118,122,0,0,0,0,0,free,0,free_pool,0
3,1,119,123,0,0,0,0,0,free,0,free_pool,0
3,1,120,124,0,0,0,0,0,free,0,free_pool,0
3,1,121,125,0,0,0,0,0,free,0,free_pool,0
3,1,122,126,0,0,0,0,0,free,0,free_pool,0
3,1,123,127,0,0,0,0,0,free,0,free_pool,0
3,1,124,128,0,0,0,0,0,free,0,free_pool,0
3,1,125,129,0,0,0,0,0,free,0,free_pool,0
3,1,126,130,0,0,0,0,0,free,0,free_pool,0
3,1,127,131,0,0,0,0,0,free,0,free_pool,0
3,1,128,132,4,1,0,0,1,formation,1,depression_consumption,0
3,1,129,133,2,4,0,0,1,formation,1,depression_consumption,0
3,1,130,134,0,0,0,0,0,free,0,free_pool,0
3,1,131,135,0,1,0,0,0,free,0,free_pool,0
3,1,132,136,0,1,0,0,0,free,0,free_pool,0
3,1,133,137,0,0,0,0,0,free,0,free_pool,0
3,1,134,138,0,0,0,0,0,free,0,free_pool,0
3,1,135,139,0,0,0,0,0,free,0,free_pool,0
3,1,136,140,0,0,0,0,0,free,0,free_pool,0
3,1,137,141,0,0,0,0,0,free,0,free_pool,0
3,1,138,142,0,0,0,0,0,free,0,free_pool,0
3,1,139,143,0,0,0,0,0,free,0,free_pool,0
3,1,140,144,0,1,0,0,0,free,0,free_pool,0
3,1,141,145,4,1,1,1,1,formation,1,depression_consumption,1
3,1,142,146,3,1,0,0,1,formation,1,depression_consumption,0
3,1,143,147,2,3,0,0,1,formation,1,depression_consumption,0
3,1,144,148,2,4,0,0,1,formation,1,depression_consumption,0
3,1,145,149,0,0,0,0,0,free,0,free_pool,0
3,1,146,150,4,2,1,1,1,formation,1,depression_consumption,1
3,1,147,151,4,1,0,0,1,formation,1,depression_consumption,0
3,1,148,152,0,0,0,0,0,free,0,free_pool,0
3,1,149,153,0,0,0,0,0,free,0,free_pool,0
3,1,150,154,0,0,0,0,0,free,0,free_pool,0
3,1,151,155,0,0,0,0,0,free,0,free_pool,0
3,1,152,156,0,0,0,0,0,free,0,free_pool,0
3,1,153,157,0,0,0,0,0,free,0,free_pool,0
3,1,154,158,0,0,0,0,0,free,0,free_pool,0
3,1,155,159,0,0,0,0,0,free,0,free_pool,0
3,1,156,160,0,0,0,0,0,free,0,free_pool,0
3,1,157,161,0,0,0,0,0,free,0,free_pool,0
3,1,158,162,0,0,0,0,0,free,0,free_pool,0
3,1,159,163,0,0,0,0,0,free,0,free_pool,0
3,1,160,164,0,0,0,0,0,free,0,free_pool,0
3,1,161,165,0,0,0,0,0,free,0,free_pool,0
3,1,162,166,0,0,0,0,0,free,0,free_pool,0
3,1,163,167,0,0,0,0,0,free,0,free_pool,0
3,1,164,168,0,0,0,0,0,free,0,free_pool,0
3,1,165,169,0,1,0,0,0,free,0,free_pool,0
3,1,166,170,0,0,0,0,0,free,0,free_pool,0
3,1,167,171,0,0,0,0,0,free,0,free_pool,0
3,1,168,172,0,0,0,0,0,free,0,free_pool,0
3,1,169,173,0,0,0,0,0,free,0,free_pool,0
3,1,170,174,0,1,0,0,0,free,0,free_pool,1
3,1,171,175,0,0,0,0,0,free,0,free_pool,0
3,1,172,176,0,0,0,0,0,free,0,free_pool,0
3,1,173,177,0,1,0,0,0,free,0,free_pool,0
3,1,174,178,0,0,0,0,0,free,0,free_pool,0
3,1,175,179,0,0,0,0,0,free,0,free_pool,0
3,1,176,180,0,1,0,0,0,free,0,free_pool,0
3,1,177,181,0,0,0,0,0,free,0,free_pool,0
3,1,178,182,0,0,0,0,0,free,0,free_pool,0
3,1,179,183,0,0,0,0,0,free,0,free_pool,0
3,1,180,184,0,0,0,0,0,free,0,free_pool,0
3,1,181,185,0,0,0,0,0,free,0,free_pool,0
3,1,182,186,0,0,0,0,0,free,0,free_pool,0
3,1,183,187,0,1,0,0,0,free,0,free_pool,1
3,1,184,188,0,0,0,0,0,free,0,free_pool,0
3,1,185,189,0,0,0,0,0,free,0,free_pool,0
3,1,186,190,0,1,0,0,0,free,0,free_pool,0
3,1,187,191,0,0,0,0,0,free,0,free_pool,0
3,1,188,192,0,0,0,0,0,free,0,free_pool,0
3,1,189,193,0,0,0,0,0,free,0,free_pool,0
3,1,190,194,0,0,0,0,0,free,0,free_pool,0
3,1,191,195,0,0,0,0,0,free,0,free_pool,0
3,1,192,196,0,0,0,0,0,free,0,free_pool,0
3,1,193,197,0,0,0,0,0,free,0,free_pool,0
3,1,194,198,0,0,0,0,0,free,0,free_pool,0
3,1,195,199,0,0,0,0,0,free,0,free_pool,0
3,1,196,200,0,0,0,0,0,free,0,free_pool,0
3,1,197,201,0,0,0,0,0,free,0,free_pool,0
3,1,198,202,0,0,0,0,0,free,0,free_pool,0
3,1,199,203,0,1,0,0,0,free,0,free_pool,1
3,1,200,204,0,0,0,0,0,free,0,free_pool,0
3,1,201,205,0,0,0,0,0,free,0,free_pool,0
3,1,202,206,0,1,0,0,0,free,0,free_pool,0
3,1,203,207,0,0,0,0,0,free,0,free_pool,0
3,1,204,208,0,0,0,0,0,free,0,free_pool,0
3,1,205,209,0,0,0,0,0,free,0,free_pool,0
3,1,206,210,0,0,0,0,0,free,0,free_pool,0
3,1,207,211,0,0,0,0,0,free,0,free_pool,0
3,1,208,212,0,0,0,0,0,free,0,free_pool,0
3,1,209,213,0,0,0,0,0,free,0,free_pool,0
3,1,210,214,0,0,0,0,0,free,0,free_pool,0
3,1,211,215,0,0,0,0,0,free,0,free_pool,0
3,1,212,216,0,0,0,0,0,free,0,free_pool,0
3,1,213,217,0,0,0,0,0,free,0,free_pool,0
3,1,214,218,0,0,0,0,0,free,0,free_pool,0
3,1,215,219,0,0,0,0,0,free,0,free_pool,0
3,1,216,220,0,0,0,0,0,free,0,free_pool,0
3,1,217,221,0,0,0,0,0,free,0,free_pool,0
3,1,218,222,0,0,0,0,0,free,0,free_pool,0
3,1,219,223,0,0,0,0,0,free,0,free_pool,0
3,1,220,224,0,1,0,0,0,free,0,free_pool,1
3,1,221,225,0,0,0,0,0,free,0,free_pool,0
3,1,222,226,0,0,0,0,0,free,0,free_pool,0
3,1,223,227,0,0,0,0,0,free,0,free_pool,0
3,1,224,228,0,0,0,0,0,free,0,free_pool,0
3,1,225,229,0,1,0,0,0,free,0,free_pool,0
3,1,226,230,0,0,0,0,0,free,0,free_pool,0
3,1,227,231,0,0,0,0,0,free,0,free_pool,0
3,1,228,232,0,1,0,0,0,free,0,free_pool,1
3,1,229,233,0,0,0,0,0,free,0,free_pool,0
3,1,230,234,0,1,0,0,0,free,0,free_pool,0
3,1,231,235,0,0,0,0,0,free,0,free_pool,0
3,1,232,236,0,0,0,0,0,free,0,free_pool,0
3,1,233,237,0,0,0,0,0,free,0,free_pool,0
3,1,234,238,0,0,0,0,0,free,0,free_pool,0
3,1,235,239,0,0,0,0,0,free,0,free_pool,0
3,1,236,240,0,0,0,0,0,free,0,free_pool,0
3,1,237,241,0,0,0,0,0,free,0,free_pool,0
3,1,238,242,0,0,0,0,0,free,0,free_pool,0
3,1,239,243,0,0,0,0,0,free,0,free_pool,0
3,1,240,244,0,0,0,0,0,free,0,free_pool,0
3,1,241,245,0,0,0,0,0,free,0,free_pool,0
3,1,242,246,0,0,0,0,0,free,0,free_pool,0
3,1,243,247,0,0,0,0,0,free,0,free_pool,0
3,1,244,248,0,0,0,0,0,free,0,free_pool,0
3,1,245,249,0,0,0,0,0,free,0,free_pool,0
3,1,246,250,0,0,0,0,0,free,0,free_pool,0
3,1,247,251,0,0,0,0,0,free,0,free_pool,0
3,1,248,252,0,0,0,0,0,free,0,free_pool,0
3,1,249,253,0,0,0,0,0,free,0,free_pool,0
3,1,250,254,0,0,0,0,0,free,0,free_pool,0
3,1,251,255,0,0,0,0,0,free,0,free_pool,0
3,1,252,256,0,0,0,0,0,free,0,free_pool,0
3,1,253,257,0,0,0,0,0,free,0,free_pool,0
3,1,254,258,0,0,0,0,0,free,0,free_pool,0
3,1,255,259,0,1,0,0,0,free,0,free_pool,0
3,1,256,260,0,0,0,0,0,free,0,free_pool,0
3,1,257,261,0,1,0,0,0,free,0,free_pool,1
3,1,258,262,0,1,0,0,0,free,0,free_pool,0
3,1,259,263,0,2,0,0,0,free,0,free_pool,0
3,1,260,264,0,1,0,0,0,free,0,free_pool,0
3,1,261,265,0,0,0,0,0,free,0,free_pool,0
3,1,262,266,0,0,0,0,0,free,0,free_pool,0
3,1,263,267,0,0,0,0,0,free,0,free_pool,0
3,1,264,268,0,0,0,0,0,free,0,free_pool,0
3,1,265,269,0,0,0,0,0,free,0,free_pool,0
3,1,266,270,0,0,0,0,0,free,0,free_pool,0
3,1,267,271,0,0,0,0,0,free,0,free_pool,0
3,1,268,272,0,0,0,0,0,free,0,free_pool,0
3,1,269,273,0,0,0,0,0,free,0,free_pool,0
3,1,270,274,0,0,0,0,0,free,0,free_pool,0
3,1,271,275,0,0,0,0,0,free,0,free_pool,0
3,1,272,276,0,0,0,0,0,free,0,free_pool,0
3,1,273,277,0,0,0,0,0,free,0,free_pool,0
3,1,274,278,0,0,0,0,0,free,0,free_pool,0
3,1,275,279,0,0,0,0,0,free,0,free_pool,0
3,1,276,280,0,0,0,0,0,free,0,free_pool,0
3,1,277,281,0,3,0,0,0,free,0,free_pool,0
3,1,278,282,0,0,0,0,0,free,0,free_pool,0
3,1,279,283,0,0,0,0,0,free,0,free_pool,0
3,1,280,284,0,0,0,0,0,free,0,free_pool,0
3,1,281,285,0,0,0,0,0,free,0,free_pool,0
3,1,282,286,0,0,0,0,0,free,0,free_pool,0
3,1,283,287,0,0,0,0,0,free,0,free_pool,0
3,1,284,288,0,0,0,0,0,free,0,free_pool,0
3,1,285,289,0,0,0,0,0,free,0,free_pool,0
3,1,286,290,0,1,0,0,0,free,0,free_pool,1
3,1,287,291,0,0,0,0,0,free,0,free_pool,0
3,1,288,292,0,0,0,0,0,free,0,free_pool,0
3,1,289,293,0,0,0,0,0,free,0,free_pool,0
3,1,290,294,0,0,0,0,0,free,0,free_pool,0
3,1,291,295,0,0,0,0,0,free,0,free_pool,0
3,1,292,296,0,0,0,0,0,free,0,free_pool,0
3,1,293,297,0,0,0,0,0,free,0,free_pool,0
3,1,294,298,0,1,0,0,0,free,0,free_pool,1
3,1,295,299,0,0,0,0,0,free,0,free_pool,0
3,1,296,300,0,0,0,0,0,free,0,free_pool,0
3,1,297,301,0,0,0,0,0,free,0,free_pool,0
3,1,298,302,0,0,0,0,0,free,0,free_pool,0
3,1,299,303,0,0,0,0,0,free,0,free_pool,0
3,1,300,304,0,0,0,0,0,free,0,free_pool,0
3,1,301,305,0,0,0,0,0,free,0,free_pool,0
3,1,302,306,0,0,0,0,0,free,0,free_pool,0
3,1,303,307,0,1,0,0,0,free,0,free_pool,0
3,1,304,308,0,0,0,0,0,free,0,free_pool,0
3,1,305,309,0,0,0,0,0,free,0,free_pool,0
3,1,306,310,0,0,0,0,0,free,0,free_pool,0
3,1,307,311,0,0,0,0,0,free,0,free_pool,0
3,1,308,312,0,0,0,0,0,free,0,free_pool,0
3,1,309,313,0,0,0,0,0,free,0,free_pool,0
3,1,310,314,0,0,0,0,0,free,0,free_pool,0
3,1,311,315,0,0,0,0,0,free,0,free_pool,0
3,1,312,316,0,0,0,0,0,free,0,free_pool,0
3,1,313,317,0,0,0,0,0,free,0,free_pool,0
3,1,314,318,0,1,0,0,0,free,0,free_pool,0
3,1,315,319,0,1,0,0,0,free,0,free_pool,1
3,1,316,320,0,1,0,0,0,free,0,free_pool,0
3,1,317,321,0,1,0,0,0,free,0,free_pool,0
3,1,318,322,0,1,0,0,0,free,0,free_pool,0
3,1,319,323,0,0,0,0,0,free,0,free_pool,0
3,1,320,324,0,0,0,0,0,free,0,free_pool,0
3,1,321,325,0,1,0,0,0,free,0,free_pool,0
3,1,322,326,0,0,0,0,0,free,0,free_pool,0
3,1,323,327,0,0,0,0,0,free,0,free_pool,0
3,1,324,328,0,0,0,0,0,free,0,free_pool,0
3,1,325,329,0,0,0,0,0,free,0,free_pool,0
3,1,326,330,0,0,0,0,0,free,0,free_pool,0
3,1,327,331,0,0,0,0,0,free,0,free_pool,0
3,1,328,332,0,0,0,0,0,free,0,free_pool,0
3,1,329,333,0,0,0,0,0,free,0,free_pool,0
3,1,330,334,0,0,0,0,0,free,0,free_pool,0
3,1,331,335,0,1,0,0,0,free,0,free_pool,1
3,1,332,336,0,0,0,0,0,free,0,free_pool,0
3,1,333,337,0,0,0,0,0,free,0,free_pool,0
3,1,334,338,0,0,0,0,0,free,0,free_pool,0
3,1,335,339,0,0,0,0,0,free,0,free_pool,0
3,1,336,340,0,0,0,0,0,free,0,free_pool,0
3,1,337,341,0,0,0,0,0,free,0,free_pool,0
3,1,338,342,0,0,0,0,0,free,0,free_pool,0
3,1,339,343,0,0,0,0,0,free,0,free_pool,0
3,1,340,344,0,0,0,0,0,free,0,free_pool,0
3,1,341,345,0,0,0,0,0,free,0,free_pool,0
3,1,342,346,0,0,0,0,0,free,0,free_pool,0
3,1,343,347,0,0,0,0,0,free,0,free_pool,0
3,1,344,348,0,1,0,0,0,free,0,free_pool,1
3,1,345,349,0,0,0,0,0,free,0,free_pool,0
3,1,346,350,0,1,0,0,0,free,0,free_pool,0
3,1,347,351,0,0,0,0,0,free,0,free_pool,0
3,1,348,352,0,0,0,0,0,free,0,free_pool,0
3,1,349,353,0,0,0,0,0,free,0,free_pool,0
3,1,350,354,0,0,0,0,0,free,0,free_pool,0
3,1,351,355,0,0,0,0,0,free,0,free_pool,0
3,1,352,356,0,0,0,0,0,free,0,free_pool,0
3,1,353,357,0,0,0,0,0,free,0,free_pool,0
3,1,354,358,0,0,0,0,0,free,0,free_pool,0
3,1,355,359,0,0,0,0,0,free,0,free_pool,0
3,1,356,360,0,0,0,0,0,free,0,free_pool,0
3,1,357,361,0,0,0,0,0,free,0,free_pool,0
3,1,358,362,0,0,0,0,0,free,0,free_pool,0
3,1,359,363,0,0,0,0,0,free,0,free_pool,0
3,1,360,364,0,0,0,0,0,free,0,free_pool,0
3,1,361,365,0,0,0,0,0,free,0,free_pool,0
3,1,362,366,0,0,0,0,0,free,0,free_pool,0
3,1,363,367,0,0,0,0,0,free,0,free_pool,0
3,1,364,368,0,0,0,0,0,free,0,free_pool,0
3,1,365,369,0,0,0,0,0,free,0,free_pool,0
3,1,366,370,0,0,0,0,0,free,0,free_pool,0
3,1,367,371,0,0,0,0,0,free,0,free_pool,0
3,1,368,372,0,1,0,0,0,free,0,free_pool,1
3,1,369,373,0,0,0,0,0,free,0,free_pool,0
3,1,370,374,0,1,0,0,0,free,0,free_pool,0
3,1,371,375,0,0,0,0,0,free,0,free_pool,0
3,1,372,376,0,0,0,0,0,free,0,free_pool,0
3,1,373,377,0,1,0,0,0,free,0,free_pool,1
3,1,374,378,0,0,0,0,0,free,0,free_pool,0
3,1,375,379,0,1,0,0,0,free,0,free_pool,0
3,1,376,380,0,0,0,0,0,free,0,free_pool,0
3,1,377,381,0,0,0,0,0,free,0,free_pool,0
3,1,378,382,0,0,0,0,0,free,0,free_pool,0
3,1,379,383,0,0,0,0,0,free,0,free_pool,0
3,1,380,384,0,0,0,0,0,free,0,free_pool,0
3,1,381,385,0,0,0,0,0,free,0,free_pool,0
3,1,382,386,0,0,0,0,0,free,0,free_pool,0
3,1,383,387,0,0,0,0,0,free,0,free_pool,0
3,1,384,388,0,0,0,0,0,free,0,free_pool,0
3,1,385,389,0,0,0,0,0,free,0,free_pool,0
3,1,386,390,0,0,0,0,0,free,0,free_pool,0
3,1,387,391,0,0,0,0,0,free,0,free_pool,0
3,1,388,392,0,0,0,0,0,free,0,free_pool,0
3,1,389,393,0,0,0,0,0,free,0,free_pool,0
3,1,390,394,0,0,0,0,0,free,0,free_pool,0
3,1,391,395,0,1,0,0,0,free,0,free_pool,0
3,1,392,396,0,0,0,0,0,free,0,free_pool,0
3,1,393,397,0,0,0,0,0,free,0,free_pool,0
3,1,394,398,0,0,0,0,0,free,0,free_pool,0
3,1,395,399,0,0,0,0,0,free,0,free_pool,0
3,1,396,400,0,0,0,0,0,free,0,free_pool,0
3,1,397,401,0,0,0,0,0,free,0,free_pool,0
3,1,398,402,0,0,0,0,0,free,0,free_pool,0
3,1,399,403,0,0,0,0,0,free,0,free_pool,0
3,1,400,404,0,0,0,0,0,free,0,free_pool,0
3,1,401,405,0,0,0,0,0,free,0,free_pool,0
3,1,402,406,0,1,0,0,0,free,0,free_pool,1
3,1,403,407,0,2,0,0,0,free,0,free_pool,0
3,1,404,408,0,2,0,0,0,free,0,free_pool,0
3,1,405,409,0,1,0,0,0,free,0,free_pool,1
3,1,406,410,0,0,0,0,0,free,0,free_pool,0
3,1,407,411,0,0,0,0,0,free,0,free_pool,0
3,1,408,412,0,0,0,0,0,free,0,free_pool,0
3,1,409,413,0,0,0,0,0,free,0,free_pool,0
3,1,410,414,0,0,0,0,0,free,0,free_pool,0
3,1,411,415,0,0,0,0,0,free,0,free_pool,0
3,1,412,416,0,0,0,0,0,free,0,free_pool,0
3,1,413,417,0,0,0,0,0,free,0,free_pool,0
3,1,414,418,0,0,0,0,0,free,0,free_pool,0
3,1,415,419,0,0,0,0,0,free,0,free_pool,0
3,1,416,420,0,0,0,0,0,free,0,free_pool,0
3,1,417,421,0,0,0,0,0,free,0,free_pool,0
3,1,418,422,0,1,0,0,0,free,0,free_pool,0
3,1,419,423,0,0,0,0,0,free,0,free_pool,0
3,1,420,424,0,1,0,0,0,free,0,free_pool,0
3,1,421,425,0,0,0,0,0,free,0,free_pool,0
3,1,422,426,0,0,0,0,0,free,0,free_pool,0
3,1,423,427,0,0,0,0,0,free,0,free_pool,0
3,1,424,428,0,0,0,0,0,free,0,free_pool,0
3,1,425,429,0,1,0,0,0,free,0,free_pool,0
3,1,426,430,0,0,0,0,0,free,0,free_pool,0
3,1,427,431,0,0,0,0,0,free,0,free_pool,0
3,1,428,432,0,0,0,0,0,free,0,free_pool,0
3,1,429,433,0,0,0,0,0,free,0,free_pool,0
3,1,430,434,0,0,0,0,0,free,0,free_pool,0
3,1,431,435,0,1,0,0,0,free,0,free_pool,1
3,1,432,436,0,0,0,0,0,free,0,free_pool,0
3,1,433,437,0,0,0,0,0,free,0,free_pool,0
3,1,434,438,0,0,0,0,0,free,0,free_pool,0
3,1,435,439,0,0,0,0,0,free,0,free_pool,0
3,1,436,440,0,0,0,0,0,free,0,free_pool,0
3,1,437,441,0,0,0,0,0,free,0,free_pool,0
3,1,438,442,0,0,0,0,0,free,0,free_pool,0
3,1,439,443,0,0,0,0,0,free,0,free_pool,0
3,1,440,444,0,0,0,0,0,free,0,free_pool,0
3,1,441,445,0,0,0,0,0,free,0,free_pool,0
3,1,442,446,0,1,0,0,0,free,0,free_pool,1
3,1,443,447,0,0,0,0,0,free,0,free_pool,0
3,1,444,448,0,0,0,0,0,free,0,free_pool,0
3,1,445,449,0,0,0,0,0,free,0,free_pool,0
3,1,446,450,0,0,0,0,0,free,0,free_pool,0
3,1,447,451,0,0,0,0,0,free,0,free_pool,0
3,1,448,452,0,0,0,0,0,free,0,free_pool,0
3,1,449,453,0,0,0,0,0,free,0,free_pool,0
3,1,450,454,0,0,0,0,0,free,0,free_pool,0
3,1,451,455,0,0,0,0,0,free,0,free_pool,0
3,1,452,456,0,0,0,0,0,free,0,free_pool,0
3,1,453,457,0,0,0,0,0,free,0,free_pool,0
3,1,454,458,0,0,0,0,0,free,0,free_pool,0
3,1,455,459,0,0,0,0,0,free,0,free_pool,0
3,1,456,460,0,0,0,0,0,free,0,free_pool,0
3,1,457,461,0,0,0,0,0,free,0,free_pool,0
3,1,458,462,0,0,0,0,0,free,0,free_pool,0
3,1,459,463,0,0,0,0,0,free,0,free_pool,0
3,1,460,464,0,1,0,0,0,free,0,free_pool,1
3,1,461,465,0,2,0,0,0,free,0,free_pool,0
3,1,462,466,0,2,0,0,0,free,0,free_pool,0
3,1,463,467,0,0,0,0,0,free,0,free_pool,0
3,1,464,468,0,0,0,0,0,free,0,free_pool,0
3,1,465,469,0,0,0,0,0,free,0,free_pool,0
3,1,466,470,0,0,0,0,0,free,0,free_pool,0
3,1,467,471,0,0,0,0,0,free,0,free_pool,0
3,1,468,472,0,0,0,0,0,free,0,free_pool,0
3,1,469,473,0,1,0,0,0,free,0,free_pool,0
3,1,470,474,0,1,0,0,0,free,0,free_pool,0
3,1,471,475,0,0,0,0,0,free,0,free_pool,0
3,1,472,476,0,0,0,0,0,free,0,free_pool,0
3,1,473,477,0,0,0,0,0,free,0,free_pool,0
3,1,474,478,0,0,0,0,0,free,0,free_pool,0
3,1,475,479,0,0,0,0,0,free,0,free_pool,0
3,1,476,480,0,0,0,0,0,free,0,free_pool,0
3,1,477,481,0,0,0,0,0,free,0,free_pool,0
3,1,478,482,0,0,0,0,0,free,0,free_pool,0
3,1,479,483,0,2,0,0,0,free,0,free_pool,1
3,1,480,484,0,2,0,0,0,free,0,free_pool,0
3,1,481,485,0,0,0,0,0,free,0,free_pool,0
3,1,482,486,0,0,0,0,0,free,0,free_pool,0
3,1,483,487,0,0,0,0,0,free,0,free_pool,0
3,1,484,488,0,0,0,0,0,free,0,free_pool,0
3,1,485,489,0,0,0,0,0,free,0,free_pool,0
3,1,486,490,0,0,0,0,0,free,0,free_pool,0
3,1,487,491,0,0,0,0,0,free,0,free_pool,0
3,1,488,492,0,0,0,0,0,free,0,free_pool,0
3,1,489,493,0,1,0,0,0,free,0,free_pool,1
3,1,490,494,0,0,0,0,0,free,0,free_pool,0
3,1,491,495,0,0,0,0,0,free,0,free_pool,0
3,1,492,496,0,0,0,0,0,free,0,free_pool,0
3,1,493,497,0,1,0,0,0,free,0,free_pool,0
3,1,494,498,0,0,0,0,0,free,0,free_pool,0
3,1,495,499,0,0,0,0,0,free,0,free_pool,0
3,1,496,500,0,0,0,0,0,free,0,free_pool,0
3,1,497,501,0,0,0,0,0,free,0,free_pool,0
3,1,498,502,0,1,0,0,0,free,0,free_pool,0
3,1,499,503,0,1,0,0,0,free,0,free_pool,0
3,1,500,504,0,0,0,0,0,free,0,free_pool,0
3,1,501,505,0,0,0,0,0,free,0,free_pool,0
3,1,502,506,0,0,0,0,0,free,0,free_pool,0
3,1,503,507,0,0,0,0,0,free,0,free_pool,0
3,1,504,508,0,0,0,0,0,free,0,free_pool,0
3,1,505,509,0,0,0,0,0,free,0,free_pool,0
3,1,506,510,0,0,0,0,0,free,0,free_pool,0
3,1,507,511,0,0,0,0,0,free,0,free_pool,0
3,1,508,512,0,0,0,0,0,free,0,free_pool,0
3,1,509,513,0,0,0,0,0,free,0,free_pool,0
3,1,510,514,0,0,0,0,0,free,0,free_pool,0
3,1,511,515,0,0,0,0,0,free,0,free_pool,0
6,2,0,7,0,0,0,0,0,free,0,free_pool,0
6,2,1,8,0,0,0,0,0,free,0,free_pool,0
6,2,2,9,0,0,0,0,0,free,0,free_pool,0
6,2,3,10,0,0,0,0,0,free,0,free_pool,0
6,2,4,11,0,0,0,0,0,free,0,free_pool,0
6,2,5,12,0,0,0,0,0,free,0,free_pool,0
6,2,6,13,0,0,0,0,0,free,0,free_pool,0
6,2,7,14,0,0,0,0,0,free,0,free_pool,0
6,2,8,15,0,0,0,0,0,free,0,free_pool,0
6,2,9,16,0,0,0,0,0,free,0,free_pool,0
6,2,10,17,0,0,0,0,0,free,0,free_pool,0
6,2,11,18,0,0,0,0,0,free,0,free_pool,0
6,2,12,19,0,0,0,0,0,free,0,free_pool,0
6,2,13,20,0,0,0,0,0,free,0,free_pool,0
6,2,14,21,0,0,0,0,0,free,0,free_pool,0
6,2,15,22,0,1,0,0,0,free,0,free_pool,1
6,2,16,23,0,0,0,0,0,free,0,free_pool,0
6,2,17,24,0,0,0,0,0,free,0,free_pool,0
6,2,18,25,0,0,0,0,0,free,0,free_pool,0
6,2,19,26,0,0,0,0,0,free,0,free_pool,0
6,2,20,27,0,0,0,0,0,free,0,free_pool,0
6,2,21,28,0,0,0,0,0,free,0,free_pool,0
6,2,22,29,0,1,0,0,0,free,0,free_pool,1
6,2,23,30,0,0,0,0,0,free,0,free_pool,0
6,2,24,31,0,0,0,0,0,free,0,free_pool,0
6,2,25,32,0,0,0,0,0,free,0,free_pool,0
6,2,26,33,0,0,0,0,0,free,0,free_pool,0
6,2,27,34,0,0,0,0,0,free,0,free_pool,0
6,2,28,35,0,0,0,0,0,free,0,free_pool,0
6,2,29,36,0,0,0,0,0,free,0,free_pool,0
6,2,30,37,0,0,0,0,0,free,0,free_pool,0
6,2,31,38,0,0,0,0,0,free,0,free_pool,0
6,2,32,39,0,0,0,0,0,free,0,free_pool,0
6,2,33,40,0,0,0,0,0,free,0,free_pool,0
6,2,34,41,0,0,0,0,0,free,0,free_pool,0
6,2,35,42,0,0,0,0,0,free,0,free_pool,0
6,2,36,43,0,0,0,0,0,free,0,free_pool,0
6,2,37,44,0,0,0,0,0,free,0,free_pool,0
6,2,38,45,0,0,0,0,0,free,0,free_pool,0
6,2,39,46,0,0,0,0,0,free,0,free_pool,0
6,2,40,47,0,0,0,0,0,free,0,free_pool,0
6,2,41,48,0,0,0,0,0,free,0,free_pool,0
6,2,42,49,0,0,0,0,0,free,0,free_pool,0
6,2,43,50,0,0,0,0,0,free,0,free_pool,0
6,2,44,51,0,0,0,0,0,free,0,free_pool,0
6,2,45,52,0,0,0,0,0,free,0,free_pool,0
6,2,46,53,0,0,0,0,0,free,0,free_pool,0
6,2,47,54,0,0,0,0,0,free,0,free_pool,0
6,2,48,55,0,0,0,0,0,free,0,free_pool,0
6,2,49,56,0,0,0,0,0,free,0,free_pool,0
6,2,50,57,0,0,0,0,0,free,0,free_pool,0
6,2,51,58,0,1,0,0,0,free,0,free_pool,1
6,2,52,59,0,2,0,0,0,free,0,free_pool,1
6,2,53,60,0,0,0,0,0,free,0,free_pool,0
6,2,54,61,0,0,0,0,0,free,0,free_pool,0
6,2,55,62,0,0,0,0,0,free,0,free_pool,0
6,2,56,63,0,0,0,0,0,free,0,free_pool,0
6,2,57,64,0,0,0,0,0,free,0,free_pool,0
6,2,58,65,0,0,0,0,0,free,0,free_pool,0
6,2,59,66,0,0,0,0,0,free,0,free_pool,0
6,2,60,67,0,0,0,0,0,free,0,free_pool,0
6,2,61,68,0,0,0,0,0,free,0,free_pool,0
6,2,62,69,0,0,0,0,0,free,0,free_pool,0
6,2,63,70,0,0,0,0,0,free,0,free_pool,0
6,2,64,71,0,0,0,0,0,free,0,free_pool,0
6,2,65,72,0,0,0,0,0,free,0,free_pool,0
6,2,66,73,0,0,0,0,0,free,0,free_pool,0
6,2,67,74,0,0,0,0,0,free,0,free_pool,0
6,2,68,75,0,0,0,0,0,free,0,free_pool,0
6,2,69,76,0,0,0,0,0,free,0,free_pool,0
6,2,70,77,0,0,0,0,0,free,0,free_pool,0
6,2,71,78,0,0,0,0,0,free,0,free_pool,0
6,2,72,79,0,0,0,0,0,free,0,free_pool,0
6,2,73,80,0,0,0,0,0,free,0,free_pool,0
6,2,74,81,0,0,0,0,0,free,0,free_pool,0
6,2,75,82,0,0,0,0,0,free,0,free_pool,0
6,2,76,83,0,0,0,0,0,free,0,free_pool,0
6,2,77,84,0,0,0,0,0,free,0,free_pool,0
6,2,78,85,0,0,0,0,0,free,0,free_pool,0
6,2,79,86,0,0,0,0,0,free,0,free_pool,0
6,2,80,87,0,1,0,0,0,free,0,free_pool,1
6,2,81,88,0,0,0,0,0,free,0,free_pool,0
6,2,82,89,0,0,0,0,0,free,0,free_pool,0
6,2,83,90,0,0,0,0,0,free,0,free_pool,0
6,2,84,91,0,0,0,0,0,free,0,free_pool,0
6,2,85,92,0,0,0,0,0,free,0,free_pool,0
6,2,86,93,0,0,0,0,0,free,0,free_pool,0
6,2,87,94,0,0,0,0,0,free,0,free_pool,0
6,2,88,95,0,0,0,0,0,free,0,free_pool,0
6,2,89,96,0,1,0,0,0,free,0,free_pool,1
6,2,90,97,0,0,0,0,0,free,0,free_pool,0
6,2,91,98,0,0,0,0,0,free,0,free_pool,0
6,2,92,99,0,0,0,0,0,free,0,free_pool,0
6,2,93,100,0,0,0,0,0,free,0,free_pool,0
6,2,94,101,0,0,0,0,0,free,0,free_pool,0
6,2,95,102,0,0,0,0,0,free,0,free_pool,0
6,2,96,103,0,0,0,0,0,free,0,free_pool,0
6,2,97,104,0,0,0,0,0,free,0,free_pool,0
6,2,98,105,0,0,0,0,0,free,0,free_pool,0
6,2,99,106,0,0,0,0,0,free,0,free_pool,0
6,2,100,107,0,0,0,0,0,free,0,free_pool,0
6,2,101,108,0,0,0,0,0,free,0,free_pool,0
6,2,102,109,0,0,0,0,0,free,0,free_pool,0
6,2,103,110,0,0,0,0,0,free,0,free_pool,0
6,2,104,111,0,0,0,0,0,free,0,free_pool,0
6,2,105,112,0,0,0,0,0,free,0,free_pool,0
6,2,106,113,0,0,0,0,0,free,0,free_pool,0
6,2,107,114,0,0,0,0,0,free,0,free_pool,0
6,2,108,115,3,1,0,0,1,formation,1,depression_consumption,0
6,2,109,116,6,2,1,1,1,formation,1,depression_consumption,1
6,2,110,117,4,2,0,0,1,formation,1,depression_consumption,0
6,2,111,118,2,1,0,0,1,formation,1,depression_consumption,0
6,2,112,119,1,1,0,0,1,formation,1,depression_consumption,0
6,2,113,120,0,0,0,0,5,dissolution,3,radiative_release,0
6,2,114,121,0,2,0,0,0,free,0,free_pool,0
6,2,115,122,0,1,0,0,0,free,0,free_pool,0
6,2,116,123,0,0,0,0,0,free,0,free_pool,0
6,2,117,124,0,0,0,0,0,free,0,free_pool,0
6,2,118,125,0,0,0,0,0,free,0,free_pool,0
6,2,119,126,0,0,0,0,0,free,0,free_pool,0
6,2,120,127,0,0,0,0,0,free,0,free_pool,0
6,2,121,128,0,0,0,0,0,free,0,free_pool,0
6,2,122,129,0,0,0,0,0,free,0,free_pool,0
6,2,123,130,0,0,0,0,0,free,0,free_pool,0
6,2,124,131,0,0,0,0,0,free,0,free_pool,0
6,2,125,132,0,0,0,0,0,free,0,free_pool,0
6,2,126,133,4,1,1,1,1,formation,1,depression_consumption,1
6,2,127,134,2,1,0,0,1,formation,1,depression_consumption,0
6,2,128,135,1,1,0,0,1,formation,1,depression_consumption,0
6,2,129,136,0,3,0,0,0,free,0,free_pool,0
6,2,130,137,0,0,0,0,0,free,0,free_pool,0
6,2,131,138,0,0,0,0,0,free,0,free_pool,0
6,2,132,139,0,0,0,0,0,free,0,free_pool,0
6,2,133,140,0,0,0,0,0,free,0,free_pool,0
6,2,134,141,0,0,0,0,0,free,0,free_pool,0
6,2,135,142,0,0,0,0,0,free,0,free_pool,0
6,2,136,143,0,0,0,0,0,free,0,free_pool,0
6,2,137,144,0,0,0,0,0,free,0,free_pool,0
6,2,138,145,4,1,1,1,1,formation,1,depression_consumption,1
6,2,139,146,3,1,0,0,1,formation,1,depression_consumption,0
6,2,140,147,2,2,0,0,1,formation,1,depression_consumption,0
6,2,141,148,1,1,0,0,1,formation,1,depression_consumption,0
6,2,142,149,0,0,0,0,5,dissolution,3,radiative_release,0
6,2,143,150,0,2,0,0,0,free,0,free_pool,0
6,2,144,151,0,3,0,0,0,free,0,free_pool,0
6,2,145,152,3,1,0,0,1,formation,1,depression_consumption,0
6,2,146,153,1,2,0,0,1,formation,1,depression_consumption,0
6,2,147,154,1,1,0,0,1,formation,1,depression_consumption,0
6,2,148,155,0,0,0,0,0,free,0,free_pool,0
6,2,149,156,0,0,0,0,0,free,0,free_pool,0
6,2,150,157,0,0,0,0,0,free,0,free_pool,0
6,2,151,158,0,0,0,0,0,free,0,free_pool,0
6,2,152,159,0,0,0,0,0,free,0,free_pool,0
6,2,153,160,0,0,0,0,0,free,0,free_pool,0
6,2,154,161,0,0,0,0,0,free,0,free_pool,0
6,2,155,162,0,0,0,0,0,free,0,free_pool,0
6,2,156,163,0,0,0,0,0,free,0,free_pool,0
6,2,157,164,0,0,0,0,0,free,0,free_pool,0
6,2,158,165,0,0,0,0,0,free,0,free_pool,0
6,2,159,166,0,0,0,0,0,free,0,free_pool,0
6,2,160,167,0,0,0,0,0,free,0,free_pool,0
6,2,161,168,0,0,0,0,0,free,0,free_pool,0
6,2,162,169,0,0,0,0,0,free,0,free_pool,0
6,2,163,170,0,1,0,0,0,free,0,free_pool,1
6,2,164,171,0,0,0,0,0,free,0,free_pool,0
6,2,165,172,0,0,0,0,0,free,0,free_pool,0
6,2,166,173,0,0,0,0,0,free,0,free_pool,0
6,2,167,174,0,1,0,0,0,free,0,free_pool,1
6,2,168,175,0,0,0,0,0,free,0,free_pool,0
6,2,169,176,0,0,0,0,0,free,0,free_pool,0
6,2,170,177,0,0,0,0,0,free,0,free_pool,0
6,2,171,178,0,0,0,0,0,free,0,free_pool,0
6,2,172,179,0,0,0,0,0,free,0,free_pool,0
6,2,173,180,0,0,0,0,0,free,0,free_pool,0
6,2,174,181,0,0,0,0,0,free,0,free_pool,0
6,2,175,182,0,0,0,0,0,free,0,free_pool,0
6,2,176,183,0,0,0,0,0,free,0,free_pool,0
6,2,177,184,0,0,0,0,0,free,0,free_pool,0
6,2,178,185,0,0,0,0,0,free,0,free_pool,0
6,2,179,186,0,0,0,0,0,free,0,free_pool,0
6,2,180,187,0,0,0,0,0,free,0,free_pool,0
6,2,181,188,0,0,0,0,0,free,0,free_pool,0
6,2,182,189,0,0,0,0,0,free,0,free_pool,0
6,2,183,190,0,0,0,0,0,free,0,free_pool,0
6,2,184,191,0,0,0,0,0,free,0,free_pool,0
6,2,185,192,0,0,0,0,0,free,0,free_pool,0
6,2,186,193,0,0,0,0,0,free,0,free_pool,0
6,2,187,194,0,0,0,0,0,free,0,free_pool,0
6,2,188,195,0,0,0,0,0,free,0,free_pool,0
6,2,189,196,0,0,0,0,0,free,0,free_pool,0
6,2,190,197,0,0,0,0,0,free,0,free_pool,0
6,2,191,198,0,0,0,0,0,free,0,free_pool,0
6,2,192,199,0,0,0,0,0,free,0,free_pool,0
6,2,193,200,0,0,0,0,0,free,0,free_pool,0
6,2,194,201,0,0,0,0,0,free,0,free_pool,0
6,2,195,202,0,0,0,0,0,free,0,free_pool,0
6,2,196,203,0,1,0,0,0,free,0,free_pool,1
6,2,197,204,0,0,0,0,0,free,0,free_pool,0
6,2,198,205,0,0,0,0,0,free,0,free_pool,0
6,2,199,206,0,0,0,0,0,free,0,free_pool,0
6,2,200,207,0,1,0,0,0,free,0,free_pool,1
6,2,201,208,0,0,0,0,0,free,0,free_pool,0
6,2,202,209,0,0,0,0,0,free,0,free_pool,0
6,2,203,210,0,0,0,0,0,free,0,free_pool,0
6,2,204,211,0,0,0,0,0,free,0,free_pool,0
6,2,205,212,0,0,0,0,0,free,0,free_pool,0
6,2,206,213,0,0,0,0,0,free,0,free_pool,0
6,2,207,214,0,0,0,0,0,free,0,free_pool,0
6,2,208,215,0,0,0,0,0,free,0,free_pool,0
6,2,209,216,0,0,0,0,0,free,0,free_pool,0
6,2,210,217,0,0,0,0,0,free,0,free_pool,0
6,2,211,218,0,0,0,0,0,free,0,free_pool,0
6,2,212,219,0,0,0,0,0,free,0,free_pool,0
6,2,213,220,0,0,0,0,0,free,0,free_pool,0
6,2,214,221,0,0,0,0,0,free,0,free_pool,0
6,2,215,222,0,0,0,0,0,free,0,free_pool,0
6,2,216,223,0,0,0,0,0,free,0,free_pool,0
6,2,217,224,0,0,0,0,0,free,0,free_pool,0
6,2,218,225,0,0,0,0,0,free,0,free_pool,0
6,2,219,226,0,0,0,0,0,free,0,free_pool,0
6,2,220,227,0,0,0,0,0,free,0,free_pool,0
6,2,221,228,0,0,0,0,0,free,0,free_pool,0
6,2,222,229,0,0,0,0,0,free,0,free_pool,0
6,2,223,230,0,0,0,0,0,free,0,free_pool,0
6,2,224,231,0,0,0,0,0,free,0,free_pool,0
6,2,225,232,0,1,0,0,0,free,0,free_pool,1
6,2,226,233,0,0,0,0,0,free,0,free_pool,0
6,2,227,234,0,0,0,0,0,free,0,free_pool,0
6,2,228,235,0,0,0,0,0,free,0,free_pool,0
6,2,229,236,0,0,0,0,0,free,0,free_pool,0
6,2,230,237,0,0,0,0,0,free,0,free_pool,0
6,2,231,238,0,0,0,0,0,free,0,free_pool,0
6,2,232,239,0,0,0,0,0,free,0,free_pool,0
6,2,233,240,0,0,0,0,0,free,0,free_pool,0
6,2,234,241,0,0,0,0,0,free,0,free_pool,0
6,2,235,242,0,0,0,0,0,free,0,free_pool,0
6,2,236,243,0,0,0,0,0,free,0,free_pool,0
6,2,237,244,0,1,0,0,0,free,0,free_pool,1
6,2,238,245,0,0,0,0,0,free,0,free_pool,0
6,2,239,246,0,0,0,0,0,free,0,free_pool,0
6,2,240,247,0,0,0,0,0,free,0,free_pool,0
6,2,241,248,0,0,0,0,0,free,0,free_pool,0
6,2,242,249,0,0,0,0,0,free,0,free_pool,0
6,2,243,250,0,0,0,0,0,free,0,free_pool,0
6,2,244,251,0,0,0,0,0,free,0,free_pool,0
6,2,245,252,0,0,0,0,0,free,0,free_pool,0
6,2,246,253,0,0,0,0,0,free,0,free_pool,0
6,2,247,254,0,0,0,0,0,free,0,free_pool,0
6,2,248,255,0,0,0,0,0,free,0,free_pool,0
6,2,249,256,0,0,0,0,0,free,0,free_pool,0
6,2,250,257,0,0,0,0,0,free,0,free_pool,0
6,2,251,258,0,0,0,0,0,free,0,free_pool,0
6,2,252,259,0,0,0,0,0,free,0,free_pool,0
6,2,253,260,0,0,0,0,0,free,0,free_pool,0
6,2,254,261,0,1,0,0,0,free,0,free_pool,1
6,2,255,262,0,0,0,0,0,free,0,free_pool,0
6,2,256,263,0,1,0,0,0,free,0,free_pool,0
6,2,257,264,0,0,0,0,0,free,0,free_pool,0
6,2,258,265,0,0,0,0,0,free,0,free_pool,0
6,2,259,266,0,0,0,0,0,free,0,free_pool,0
6,2,260,267,0,0,0,0,0,free,0,free_pool,0
6,2,261,268,0,0,0,0,0,free,0,free_pool,0
6,2,262,269,0,0,0,0,0,free,0,free_pool,0
6,2,263,270,0,0,0,0,0,free,0,free_pool,0
6,2,264,271,0,0,0,0,0,free,0,free_pool,0
6,2,265,272,0,0,0,0,0,free,0,free_pool,0
6,2,266,273,0,0,0,0,0,free,0,free_pool,0
6,2,267,274,0,0,0,0,0,free,0,free_pool,0
6,2,268,275,0,0,0,0,0,free,0,free_pool,0
6,2,269,276,0,0,0,0,0,free,0,free_pool,0
6,2,270,277,0,0,0,0,0,free,0,free_pool,0
6,2,271,278,0,0,0,0,0,free,0,free_pool,0
6,2,272,279,0,0,0,0,0,free,0,free_pool,0
6,2,273,280,0,0,0,0,0,free,0,free_pool,0
6,2,274,281,0,1,0,0,0,free,0,free_pool,1
6,2,275,282,0,0,0,0,0,free,0,free_pool,0
6,2,276,283,0,0,0,0,0,free,0,free_pool,0
6,2,277,284,0,0,0,0,0,free,0,free_pool,0
6,2,278,285,0,0,0,0,0,free,0,free_pool,0
6,2,279,286,0,0,0,0,0,free,0,free_pool,0
6,2,280,287,0,0,0,0,0,free,0,free_pool,0
6,2,281,288,0,0,0,0,0,free,0,free_pool,0
6,2,282,289,0,0,0,0,0,free,0,free_pool,0
6,2,283,290,0,1,0,0,0,free,0,free_pool,1
6,2,284,291,0,0,0,0,0,free,0,free_pool,0
6,2,285,292,0,0,0,0,0,free,0,free_pool,0
6,2,286,293,0,0,0,0,0,free,0,free_pool,0
6,2,287,294,0,0,0,0,0,free,0,free_pool,0
6,2,288,295,0,0,0,0,0,free,0,free_pool,0
6,2,289,296,0,0,0,0,0,free,0,free_pool,0
6,2,290,297,0,0,0,0,0,free,0,free_pool,0
6,2,291,298,0,0,0,0,0,free,0,free_pool,0
6,2,292,299,0,0,0,0,0,free,0,free_pool,0
6,2,293,300,0,0,0,0,0,free,0,free_pool,0
6,2,294,301,0,0,0,0,0,free,0,free_pool,0
6,2,295,302,0,0,0,0,0,free,0,free_pool,0
6,2,296,303,0,0,0,0,0,free,0,free_pool,0
6,2,297,304,0,0,0,0,0,free,0,free_pool,0
6,2,298,305,0,0,0,0,0,free,0,free_pool,0
6,2,299,306,0,0,0,0,0,free,0,free_pool,0
6,2,300,307,0,0,0,0,0,free,0,free_pool,0
6,2,301,308,0,0,0,0,0,free,0,free_pool,0
6,2,302,309,0,0,0,0,0,free,0,free_pool,0
6,2,303,310,0,0,0,0,0,free,0,free_pool,0
6,2,304,311,0,0,0,0,0,free,0,free_pool,0
6,2,305,312,0,0,0,0,0,free,0,free_pool,0
6,2,306,313,0,0,0,0,0,free,0,free_pool,0
6,2,307,314,0,0,0,0,0,free,0,free_pool,0
6,2,308,315,0,0,0,0,0,free,0,free_pool,0
6,2,309,316,0,0,0,0,0,free,0,free_pool,0
6,2,310,317,0,0,0,0,0,free,0,free_pool,0
6,2,311,318,0,1,0,0,0,free,0,free_pool,1
6,2,312,319,0,1,0,0,0,free,0,free_pool,1
6,2,313,320,0,0,0,0,0,free,0,free_pool,0
6,2,314,321,0,0,0,0,0,free,0,free_pool,0
6,2,315,322,0,0,0,0,0,free,0,free_pool,0
6,2,316,323,0,0,0,0,0,free,0,free_pool,0
6,2,317,324,0,0,0,0,0,free,0,free_pool,0
6,2,318,325,0,0,0,0,0,free,0,free_pool,0
6,2,319,326,0,0,0,0,0,free,0,free_pool,0
6,2,320,327,0,0,0,0,0,free,0,free_pool,0
6,2,321,328,0,0,0,0,0,free,0,free_pool,0
6,2,322,329,0,0,0,0,0,free,0,free_pool,0
6,2,323,330,0,0,0,0,0,free,0,free_pool,0
6,2,324,331,0,0,0,0,0,free,0,free_pool,0
6,2,325,332,0,0,0,0,0,free,0,free_pool,0
6,2,326,333,0,0,0,0,0,free,0,free_pool,0
6,2,327,334,0,0,0,0,0,free,0,free_pool,0
6,2,328,335,0,0,0,0,0,free,0,free_pool,0
6,2,329,336,0,0,0,0,0,free,0,free_pool,0
6,2,330,337,0,0,0,0,0,free,0,free_pool,0
6,2,331,338,0,0,0,0,0,free,0,free_pool,0
6,2,332,339,0,0,0,0,0,free,0,free_pool,0
6,2,333,340,0,0,0,0,0,free,0,free_pool,0
6,2,334,341,0,0,0,0,0,free,0,free_pool,0
6,2,335,342,0,0,0,0,0,free,0,free_pool,0
6,2,336,343,0,0,0,0,0,free,0,free_pool,0
6,2,337,344,0,0,0,0,0,free,0,free_pool,0
6,2,338,345,0,0,0,0,0,free,0,free_pool,0
6,2,339,346,0,0,0,0,0,free,0,free_pool,0
6,2,340,347,0,0,0,0,0,free,0,free_pool,0
6,2,341,348,0,1,0,0,0,free,0,free_pool,1
6,2,342,349,0,0,0,0,0,free,0,free_pool,0
6,2,343,350,0,0,0,0,0,free,0,free_pool,0
6,2,344,351,0,0,0,0,0,free,0,free_pool,0
6,2,345,352,0,0,0,0,0,free,0,free_pool,0
6,2,346,353,0,0,0,0,0,free,0,free_pool,0
6,2,347,354,0,0,0,0,0,free,0,free_pool,0
6,2,348,355,0,1,0,0,0,free,0,free_pool,1
6,2,349,356,0,0,0,0,0,free,0,free_pool,0
6,2,350,357,0,0,0,0,0,free,0,free_pool,0
6,2,351,358,0,0,0,0,0,free,0,free_pool,0
6,2,352,359,0,0,0,0,0,free,0,free_pool,0
6,2,353,360,0,0,0,0,0,free,0,free_pool,0
6,2,354,361,0,0,0,0,0,free,0,free_pool,0
6,2,355,362,0,0,0,0,0,free,0,free_pool,0
6,2,356,363,0,0,0,0,0,free,0,free_pool,0
6,2,357,364,0,0,0,0,0,free,0,free_pool,0
6,2,358,365,0,0,0,0,0,free,0,free_pool,0
6,2,359,366,0,0,0,0,0,free,0,free_pool,0
6,2,360,367,0,0,0,0,0,free,0,free_pool,0
6,2,361,368,0,0,0,0,0,free,0,free_pool,0
6,2,362,369,0,0,0,0,0,free,0,free_pool,0
6,2,363,370,0,0,0,0,0,free,0,free_pool,0
6,2,364,371,0,0,0,0,0,free,0,free_pool,0
6,2,365,372,0,0,0,0,0,free,0,free_pool,0
6,2,366,373,0,0,0,0,0,free,0,free_pool,0
6,2,367,374,0,0,0,0,0,free,0,free_pool,0
6,2,368,375,0,0,0,0,0,free,0,free_pool,0
6,2,369,376,0,0,0,0,0,free,0,free_pool,0
6,2,370,377,0,1,0,0,0,free,0,free_pool,1
6,2,371,378,0,0,0,0,0,free,0,free_pool,0
6,2,372,379,0,0,0,0,0,free,0,free_pool,0
6,2,373,380,0,0,0,0,0,free,0,free_pool,0
6,2,374,381,0,0,0,0,0,free,0,free_pool,0
6,2,375,382,0,0,0,0,0,free,0,free_pool,0
6,2,376,383,0,0,0,0,0,free,0,free_pool,0
6,2,377,384,0,0,0,0,0,free,0,free_pool,0
6,2,378,385,0,0,0,0,0,free,0,free_pool,0
6,2,379,386,0,0,0,0,0,free,0,free_pool,0
6,2,380,387,0,0,0,0,0,free,0,free_pool,0
6,2,381,388,0,0,0,0,0,free,0,free_pool,0
6,2,382,389,0,0,0,0,0,free,0,free_pool,0
6,2,383,390,0,0,0,0,0,free,0,free_pool,0
6,2,384,391,0,0,0,0,0,free,0,free_pool,0
6,2,385,392,0,1,0,0,0,free,0,free_pool,1
6,2,386,393,0,0,0,0,0,free,0,free_pool,0
6,2,387,394,0,0,0,0,0,free,0,free_pool,0
6,2,388,395,0,0,0,0,0,free,0,free_pool,0
6,2,389,396,0,0,0,0,0,free,0,free_pool,0
6,2,390,397,0,0,0,0,0,free,0,free_pool,0
6,2,391,398,0,0,0,0,0,free,0,free_pool,0
6,2,392,399,0,0,0,0,0,free,0,free_pool,0
6,2,393,400,0,0,0,0,0,free,0,free_pool,0
6,2,394,401,0,0,0,0,0,free,0,free_pool,0
6,2,395,402,0,0,0,0,0,free,0,free_pool,0
6,2,396,403,0,0,0,0,0,free,0,free_pool,0
6,2,397,404,0,0,0,0,0,free,0,free_pool,0
6,2,398,405,0,0,0,0,0,free,0,free_pool,0
6,2,399,406,0,1,0,0,0,free,0,free_pool,1
6,2,400,407,0,0,0,0,0,free,0,free_pool,0
6,2,401,408,0,0,0,0,0,free,0,free_pool,0
6,2,402,409,0,0,0,0,0,free,0,free_pool,0
6,2,403,410,0,0,0,0,0,free,0,free_pool,0
6,2,404,411,0,1,0,0,0,free,0,free_pool,0
6,2,405,412,0,0,0,0,0,free,0,free_pool,0
6,2,406,413,0,0,0,0,0,free,0,free_pool,0
6,2,407,414,0,0,0,0,0,free,0,free_pool,0
6,2,408,415,0,0,0,0,0,free,0,free_pool,0
6,2,409,416,0,0,0,0,0,free,0,free_pool,0
6,2,410,417,0,0,0,0,0,free,0,free_pool,0
6,2,411,418,0,0,0,0,0,free,0,free_pool,0
6,2,412,419,0,0,0,0,0,free,0,free_pool,0
6,2,413,420,0,0,0,0,0,free,0,free_pool,0
6,2,414,421,0,0,0,0,0,free,0,free_pool,0
6,2,415,422,0,0,0,0,0,free,0,free_pool,0
6,2,416,423,0,0,0,0,0,free,0,free_pool,0
6,2,417,424,0,0,0,0,0,free,0,free_pool,0
6,2,418,425,0,0,0,0,0,free,0,free_pool,0
6,2,419,426,0,0,0,0,0,free,0,free_pool,0
6,2,420,427,0,0,0,0,0,free,0,free_pool,0
6,2,421,428,0,0,0,0,0,free,0,free_pool,0
6,2,422,429,0,1,0,0,0,free,0,free_pool,1
6,2,423,430,0,0,0,0,0,free,0,free_pool,0
6,2,424,431,0,0,0,0,0,free,0,free_pool,0
6,2,425,432,0,0,0,0,0,free,0,free_pool,0
6,2,426,433,0,0,0,0,0,free,0,free_pool,0
6,2,427,434,0,0,0,0,0,free,0,free_pool,0
6,2,428,435,0,1,0,0,0,free,0,free_pool,1
6,2,429,436,0,0,0,0,0,free,0,free_pool,0
6,2,430,437,0,0,0,0,0,free,0,free_pool,0
6,2,431,438,0,0,0,0,0,free,0,free_pool,0
6,2,432,439,0,0,0,0,0,free,0,free_pool,0
6,2,433,440,0,0,0,0,0,free,0,free_pool,0
6,2,434,441,0,0,0,0,0,free,0,free_pool,0
6,2,435,442,0,0,0,0,0,free,0,free_pool,0
6,2,436,443,0,0,0,0,0,free,0,free_pool,0
6,2,437,444,0,0,0,0,0,free,0,free_pool,0
6,2,438,445,0,0,0,0,0,free,0,free_pool,0
6,2,439,446,0,0,0,0,0,free,0,free_pool,0
6,2,440,447,0,0,0,0,0,free,0,free_pool,0
6,2,441,448,0,0,0,0,0,free,0,free_pool,0
6,2,442,449,0,0,0,0,0,free,0,free_pool,0
6,2,443,450,0,0,0,0,0,free,0,free_pool,0
6,2,444,451,0,0,0,0,0,free,0,free_pool,0
6,2,445,452,0,0,0,0,0,free,0,free_pool,0
6,2,446,453,0,0,0,0,0,free,0,free_pool,0
6,2,447,454,0,0,0,0,0,free,0,free_pool,0
6,2,448,455,0,0,0,0,0,free,0,free_pool,0
6,2,449,456,0,0,0,0,0,free,0,free_pool,0
6,2,450,457,0,0,0,0,0,free,0,free_pool,0
6,2,451,458,0,0,0,0,0,free,0,free_pool,0
6,2,452,459,0,0,0,0,0,free,0,free_pool,0
6,2,453,460,0,0,0,0,0,free,0,free_pool,0
6,2,454,461,0,0,0,0,0,free,0,free_pool,0
6,2,455,462,0,0,0,0,0,free,0,free_pool,0
6,2,456,463,0,0,0,0,0,free,0,free_pool,0
6,2,457,464,0,1,0,0,0,free,0,free_pool,1
6,2,458,465,0,0,0,0,0,free,0,free_pool,0
6,2,459,466,0,1,0,0,0,free,0,free_pool,1
6,2,460,467,0,0,0,0,0,free,0,free_pool,0
6,2,461,468,0,0,0,0,0,free,0,free_pool,0
6,2,462,469,0,0,0,0,0,free,0,free_pool,0
6,2,463,470,0,0,0,0,0,free,0,free_pool,0
6,2,464,471,0,0,0,0,0,free,0,free_pool,0
6,2,465,472,0,0,0,0,0,free,0,free_pool,0
6,2,466,473,0,0,0,0,0,free,0,free_pool,0
6,2,467,474,0,0,0,0,0,free,0,free_pool,0
6,2,468,475,0,0,0,0,0,free,0,free_pool,0
6,2,469,476,0,0,0,0,0,free,0,free_pool,0
6,2,470,477,0,0,0,0,0,free,0,free_pool,0
6,2,471,478,0,0,0,0,0,free,0,free_pool,0
6,2,472,479,0,0,0,0,0,free,0,free_pool,0
6,2,473,480,0,0,0,0,0,free,0,free_pool,0
6,2,474,481,0,0,0,0,0,free,0,free_pool,0
6,2,475,482,0,0,0,0,0,free,0,free_pool,0
6,2,476,483,0,0,0,0,0,free,0,free_pool,0
6,2,477,484,0,0,0,0,0,free,0,free_pool,0
6,2,478,485,0,0,0,0,0,free,0,free_pool,0
6,2,479,486,0,0,0,0,0,free,0,free_pool,0
6,2,480,487,0,0,0,0,0,free,0,free_pool,0
6,2,481,488,0,0,0,0,0,free,0,free_pool,0
6,2,482,489,0,0,0,0,0,free,0,free_pool,0
6,2,483,490,0,0,0,0,0,free,0,free_pool,0
6,2,484,491,0,0,0,0,0,free,0,free_pool,0
6,2,485,492,0,0,0,0,0,free,0,free_pool,0
6,2,486,493,0,1,0,0,0,free,0,free_pool,1
6,2,487,494,0,0,0,0,0,free,0,free_pool,0
6,2,488,495,0,0,0,0,0,free,0,free_pool,0
6,2,489,496,0,0,0,0,0,free,0,free_pool,0
6,2,490,497,0,0,0,0,0,free,0,free_pool,0
6,2,491,498,0,0,0,0,0,free,0,free_pool,0
6,2,492,499,0,0,0,0,0,free,0,free_pool,0
6,2,493,500,0,0,0,0,0,free,0,free_pool,0
6,2,494,501,0,0,0,0,0,free,0,free_pool,0
6,2,495,502,0,0,0,0,0,free,0,free_pool,0
6,2,496,503,0,1,0,0,0,free,0,free_pool,1
6,2,497,504,0,0,0,0,0,free,0,free_pool,0
6,2,498,505,0,0,0,0,0,free,0,free_pool,0
6,2,499,506,0,0,0,0,0,free,0,free_pool,0
6,2,500,507,0,0,0,0,0,free,0,free_pool,0
6,2,501,508,0,0,0,0,0,free,0,free_pool,0
6,2,502,509,0,0,0,0,0,free,0,free_pool,0
6,2,503,510,0,0,0,0,0,free,0,free_pool,0
6,2,504,511,0,0,0,0,0,free,0,free_pool,0
6,2,505,512,0,0,0,0,0,free,0,free_pool,0
6,2,506,513,0,0,0,0,0,free,0,free_pool,0
6,2,507,514,0,0,0,0,0,free,0,free_pool,0
6,2,508,515,0,0,0,0,0,free,0,free_pool,0
6,2,509,516,0,0,0,0,0,free,0,free_pool,0
6,2,510,517,0,0,0,0,0,free,0,free_pool,0
6,2,511,518,0,0,0,0,0,free,0,free_pool,0
9,3,0,10,0,0,0,0,0,free,0,free_pool,0
9,3,1,11,0,0,0,0,0,free,0,free_pool,0
9,3,2,12,0,0,0,0,0,free,0,free_pool,0
9,3,3,13,0,0,0,0,0,free,0,free_pool,0
9,3,4,14,0,0,0,0,0,free,0,free_pool,0
9,3,5,15,0,0,0,0,0,free,0,free_pool,0
9,3,6,16,0,0,0,0,0,free,0,free_pool,0
9,3,7,17,0,0,0,0,0,free,0,free_pool,0
9,3,8,18,0,0,0,0,0,free,0,free_pool,0
9,3,9,19,0,0,0,0,0,free,0,free_pool,0
9,3,10,20,0,0,0,0,0,free,0,free_pool,0
9,3,11,21,0,0,0,0,0,free,0,free_pool,0
9,3,12,22,0,0,0,0,0,free,0,free_pool,0
9,3,13,23,0,0,0,0,0,free,0,free_pool,0
9,3,14,24,0,0,0,0,0,free,0,free_pool,0
9,3,15,25,0,0,0,0,0,free,0,free_pool,0
9,3,16,26,0,0,0,0,0,free,0,free_pool,0
9,3,17,27,0,0,0,0,0,free,0,free_pool,0
9,3,18,28,0,0,0,0,0,free,0,free_pool,0
9,3,19,29,0,1,0,0,0,free,0,free_pool,1
9,3,20,30,0,0,0,0,0,free,0,free_pool,0
9,3,21,31,0,0,0,0,0,free,0,free_pool,0
9,3,22,32,0,0,0,0,0,free,0,free_pool,0
9,3,23,33,0,0,0,0,0,free,0,free_pool,0
9,3,24,34,0,0,0,0,0,free,0,free_pool,0
9,3,25,35,0,0,0,0,0,free,0,free_pool,0
9,3,26,36,0,0,0,0,0,free,0,free_pool,0
9,3,27,37,0,0,0,0,0,free,0,free_pool,0
9,3,28,38,0,0,0,0,0,free,0,free_pool,0
9,3,29,39,0,0,0,0,0,free,0,free_pool,0
9,3,30,40,0,0,0,0,0,free,0,free_pool,0
9,3,31,41,0,0,0,0,0,free,0,free_pool,0
9,3,32,42,0,1,0,0,0,free,0,free_pool,1
9,3,33,43,0,0,0,0,0,free,0,free_pool,0
9,3,34,44,0,0,0,0,0,free,0,free_pool,0
9,3,35,45,0,0,0,0,0,free,0,free_pool,0
9,3,36,46,0,0,0,0,0,free,0,free_pool,0
9,3,37,47,0,0,0,0,0,free,0,free_pool,0
9,3,38,48,0,0,0,0,0,free,0,free_pool,0
9,3,39,49,0,0,0,0,0,free,0,free_pool,0
9,3,40,50,0,0,0,0,0,free,0,free_pool,0
9,3,41,51,0,0,0,0,0,free,0,free_pool,0
9,3,42,52,0,0,0,0,0,free,0,free_pool,0
9,3,43,53,0,0,0,0,0,free,0,free_pool,0
9,3,44,54,0,0,0,0,0,free,0,free_pool,0
9,3,45,55,0,0,0,0,0,free,0,free_pool,0
9,3,46,56,0,0,0,0,0,free,0,free_pool,0
9,3,47,57,0,0,0,0,0,free,0,free_pool,0
9,3,48,58,0,1,0,0,0,free,0,free_pool,1
9,3,49,59,0,0,0,0,0,free,0,free_pool,0
9,3,50,60,0,0,0,0,0,free,0,free_pool,0
9,3,51,61,0,0,0,0,0,free,0,free_pool,0
9,3,52,62,0,0,0,0,0,free,0,free_pool,0
9,3,53,63,0,0,0,0,0,free,0,free_pool,0
9,3,54,64,0,0,0,0,0,free,0,free_pool,0
9,3,55,65,0,0,0,0,0,free,0,free_pool,0
9,3,56,66,0,0,0,0,0,free,0,free_pool,0
9,3,57,67,0,0,0,0,0,free,0,free_pool,0
9,3,58,68,0,0,0,0,0,free,0,free_pool,0
9,3,59,69,0,0,0,0,0,free,0,free_pool,0
9,3,60,70,0,0,0,0,0,free,0,free_pool,0
9,3,61,71,0,0,0,0,0,free,0,free_pool,0
9,3,62,72,0,0,0,0,0,free,0,free_pool,0
9,3,63,73,0,0,0,0,0,free,0,free_pool,0
9,3,64,74,0,0,0,0,0,free,0,free_pool,0
9,3,65,75,0,0,0,0,0,free,0,free_pool,0
9,3,66,76,0,0,0,0,0,free,0,free_pool,0
9,3,67,77,0,0,0,0,0,free,0,free_pool,0
9,3,68,78,0,0,0,0,0,free,0,free_pool,0
9,3,69,79,0,1,0,0,0,free,0,free_pool,1
9,3,70,80,0,0,0,0,0,free,0,free_pool,0
9,3,71,81,0,0,0,0,0,free,0,free_pool,0
9,3,72,82,0,0,0,0,0,free,0,free_pool,0
9,3,73,83,0,0,0,0,0,free,0,free_pool,0
9,3,74,84,0,0,0,0,0,free,0,free_pool,0
9,3,75,85,0,0,0,0,0,free,0,free_pool,0
9,3,76,86,0,0,0,0,0,free,0,free_pool,0
9,3,77,87,0,1,0,0,0,free,0,free_pool,1
9,3,78,88,0,0,0,0,0,free,0,free_pool,0
9,3,79,89,0,0,0,0,0,free,0,free_pool,0
9,3,80,90,0,0,0,0,0,free,0,free_pool,0
9,3,81,91,0,0,0,0,0,free,0,free_pool,0
9,3,82,92,0,0,0,0,0,free,0,free_pool,0
9,3,83,93,0,0,0,0,0,free,0,free_pool,0
9,3,84,94,0,0,0,0,0,free,0,free_pool,0
9,3,85,95,0,0,0,0,0,free,0,free_pool,0
9,3,86,96,0,0,0,0,0,free,0,free_pool,0
9,3,87,97,0,0,0,0,0,free,0,free_pool,0
9,3,88,98,0,0,0,0,0,free,0,free_pool,0
9,3,89,99,0,0,0,0,0,free,0,free_pool,0
9,3,90,100,0,0,0,0,0,free,0,free_pool,0
9,3,91,101,0,0,0,0,0,free,0,free_pool,0
9,3,92,102,0,0,0,0,0,free,0,free_pool,0
9,3,93,103,0,0,0,0,0,free,0,free_pool,0
9,3,94,104,0,0,0,0,0,free,0,free_pool,0
9,3,95,105,0,0,0,0,0,free,0,free_pool,0
9,3,96,106,0,0,0,0,0,free,0,free_pool,0
9,3,97,107,0,0,0,0,0,free,0,free_pool,0
9,3,98,108,0,0,0,0,0,free,0,free_pool,0
9,3,99,109,0,0,0,0,0,free,0,free_pool,0
9,3,100,110,0,0,0,0,0,free,0,free_pool,0
9,3,101,111,0,0,0,0,0,free,0,free_pool,0
9,3,102,112,0,0,0,0,0,free,0,free_pool,0
9,3,103,113,0,0,0,0,0,free,0,free_pool,0
9,3,104,114,0,0,0,0,0,free,0,free_pool,0
9,3,105,115,0,0,0,0,0,free,0,free_pool,0
9,3,106,116,4,1,1,1,1,formation,1,depression_consumption,1
9,3,107,117,7,2,1,1,1,formation,1,depression_consumption,0
9,3,108,118,5,2,0,0,1,formation,1,depression_consumption,0
9,3,109,119,3,2,0,0,1,formation,1,depression_consumption,0
9,3,110,120,1,2,0,0,1,formation,1,depression_consumption,0
9,3,111,121,0,0,0,0,0,free,0,free_pool,0
9,3,112,122,0,0,0,0,0,free,0,free_pool,0
9,3,113,123,0,0,0,0,0,free,0,free_pool,0
9,3,114,124,0,0,0,0,0,free,0,free_pool,0
9,3,115,125,0,0,0,0,0,free,0,free_pool,0
9,3,116,126,0,0,0,0,0,free,0,free_pool,0
9,3,117,127,0,0,0,0,0,free,0,free_pool,0
9,3,118,128,0,0,0,0,0,free,0,free_pool,0
9,3,119,129,0,0,0,0,0,free,0,free_pool,0
9,3,120,130,0,0,0,0,0,free,0,free_pool,0
9,3,121,131,0,0,0,0,0,free,0,free_pool,0
9,3,122,132,0,0,0,0,0,free,0,free_pool,0
9,3,123,133,0,0,0,0,0,free,0,free_pool,0
9,3,124,134,0,0,0,0,0,free,0,free_pool,0
9,3,125,135,3,1,0,0,1,formation,1,depression_consumption,0
9,3,126,136,1,1,0,0,1,formation,1,depression_consumption,0
9,3,127,137,0,0,0,0,0,free,0,free_pool,0
9,3,128,138,0,0,0,0,0,free,0,free_pool,0
9,3,129,139,0,0,0,0,0,free,0,free_pool,0
9,3,130,140,0,0,0,0,0,free,0,free_pool,0
9,3,131,141,0,0,0,0,0,free,0,free_pool,0
9,3,132,142,0,0,0,0,0,free,0,free_pool,0
9,3,133,143,0,0,0,0,0,free,0,free_pool,0
9,3,134,144,0,0,0,0,0,free,0,free_pool,0
9,3,135,145,4,1,1,1,1,formation,1,depression_consumption,1
9,3,136,146,3,1,0,0,1,formation,1,depression_consumption,0
9,3,137,147,2,1,0,0,1,formation,1,depression_consumption,0
9,3,138,148,1,1,0,0,1,formation,1,depression_consumption,0
9,3,139,149,0,0,0,0,5,dissolution,3,radiative_release,0
9,3,140,150,0,1,0,0,0,free,0,free_pool,0
9,3,141,151,0,0,0,0,0,free,0,free_pool,0
9,3,142,152,0,0,0,0,0,free,0,free_pool,0
9,3,143,153,0,1,0,0,0,free,0,free_pool,1
9,3,144,154,2,4,0,0,1,formation,1,depression_consumption,0
9,3,145,155,0,0,0,0,5,dissolution,3,radiative_release,0
9,3,146,156,0,0,0,0,0,free,0,free_pool,0
9,3,147,157,0,0,0,0,0,free,0,free_pool,0
9,3,148,158,0,0,0,0,0,free,0,free_pool,0
9,3,149,159,0,0,0,0,0,free,0,free_pool,0
9,3,150,160,0,0,0,0,0,free,0,free_pool,0
9,3,151,161,0,0,0,0,0,free,0,free_pool,0
9,3,152,162,0,0,0,0,0,free,0,free_pool,0
9,3,153,163,0,0,0,0,0,free,0,free_pool,0
9,3,154,164,0,0,0,0,0,free,0,free_pool,0
9,3,155,165,0,0,0,0,0,free,0,free_pool,0
9,3,156,166,0,0,0,0,0,free,0,free_pool,0
9,3,157,167,0,0,0,0,0,free,0,free_pool,0
9,3,158,168,0,0,0,0,0,free,0,free_pool,0
9,3,159,169,0,0,0,0,0,free,0,free_pool,0
9,3,160,170,0,0,0,0,0,free,0,free_pool,0
9,3,161,171,0,0,0,0,0,free,0,free_pool,0
9,3,162,172,0,0,0,0,0,free,0,free_pool,0
9,3,163,173,0,0,0,0,0,free,0,free_pool,0
9,3,164,174,0,1,0,0,0,free,0,free_pool,1
9,3,165,175,0,0,0,0,0,free,0,free_pool,0
9,3,166,176,0,0,0,0,0,free,0,free_pool,0
9,3,167,177,0,0,0,0,0,free,0,free_pool,0
9,3,168,178,0,0,0,0,0,free,0,free_pool,0
9,3,169,179,0,0,0,0,0,free,0,free_pool,0
9,3,170,180,0,0,0,0,0,free,0,free_pool,0
9,3,171,181,0,0,0,0,0,free,0,free_pool,0
9,3,172,182,0,0,0,0,0,free,0,free_pool,0
9,3,173,183,0,0,0,0,0,free,0,free_pool,0
9,3,174,184,0,0,0,0,0,free,0,free_pool,0
9,3,175,185,0,0,0,0,0,free,0,free_pool,0
9,3,176,186,0,0,0,0,0,free,0,free_pool,0
9,3,177,187,0,0,0,0,0,free,0,free_pool,0
9,3,178,188,0,0,0,0,0,free,0,free_pool,0
9,3,179,189,0,0,0,0,0,free,0,free_pool,0
9,3,180,190,0,1,0,0,0,free,0,free_pool,1
9,3,181,191,0,0,0,0,0,free,0,free_pool,0
9,3,182,192,0,0,0,0,0,free,0,free_pool,0
9,3,183,193,0,0,0,0,0,free,0,free_pool,0
9,3,184,194,0,0,0,0,0,free,0,free_pool,0
9,3,185,195,0,0,0,0,0,free,0,free_pool,0
9,3,186,196,0,0,0,0,0,free,0,free_pool,0
9,3,187,197,0,0,0,0,0,free,0,free_pool,0
9,3,188,198,0,0,0,0,0,free,0,free_pool,0
9,3,189,199,0,0,0,0,0,free,0,free_pool,0
9,3,190,200,0,0,0,0,0,free,0,free_pool,0
9,3,191,201,0,0,0,0,0,free,0,free_pool,0
9,3,192,202,0,0,0,0,0,free,0,free_pool,0
9,3,193,203,0,1,0,0,0,free,0,free_pool,1
9,3,194,204,0,0,0,0,0,free,0,free_pool,0
9,3,195,205,0,0,0,0,0,free,0,free_pool,0
9,3,196,206,0,0,0,0,0,free,0,free_pool,0
9,3,197,207,0,0,0,0,0,free,0,free_pool,0
9,3,198,208,0,0,0,0,0,free,0,free_pool,0
9,3,199,209,0,0,0,0,0,free,0,free_pool,0
9,3,200,210,0,0,0,0,0,free,0,free_pool,0
9,3,201,211,0,0,0,0,0,free,0,free_pool,0
9,3,202,212,0,0,0,0,0,free,0,free_pool,0
9,3,203,213,0,0,0,0,0,free,0,free_pool,0
9,3,204,214,0,0,0,0,0,free,0,free_pool,0
9,3,205,215,0,0,0,0,0,free,0,free_pool,0
9,3,206,216,0,0,0,0,0,free,0,free_pool,0
9,3,207,217,0,0,0,0,0,free,0,free_pool,0
9,3,208,218,0,0,0,0,0,free,0,free_pool,0
9,3,209,219,0,0,0,0,0,free,0,free_pool,0
9,3,210,220,0,0,0,0,0,free,0,free_pool,0
9,3,211,221,0,0,0,0,0,free,0,free_pool,0
9,3,212,222,0,0,0,0,0,free,0,free_pool,0
9,3,213,223,0,0,0,0,0,free,0,free_pool,0
9,3,214,224,0,0,0,0,0,free,0,free_pool,0
9,3,215,225,0,0,0,0,0,free,0,free_pool,0
9,3,216,226,0,0,0,0,0,free,0,free_pool,0
9,3,217,227,0,1,0,0,0,free,0,free_pool,1
9,3,218,228,0,0,0,0,0,free,0,free_pool,0
9,3,219,229,0,0,0,0,0,free,0,free_pool,0
9,3,220,230,0,0,0,0,0,free,0,free_pool,0
9,3,221,231,0,0,0,0,0,free,0,free_pool,0
9,3,222,232,0,1,0,0,0,free,0,free_pool,1
9,3,223,233,0,0,0,0,0,free,0,free_pool,0
9,3,224,234,0,0,0,0,0,free,0,free_pool,0
9,3,225,235,0,0,0,0,0,free,0,free_pool,0
9,3,226,236,0,0,0,0,0,free,0,free_pool,0
9,3,227,237,0,0,0,0,0,free,0,free_pool,0
9,3,228,238,0,0,0,0,0,free,0,free_pool,0
9,3,229,239,0,0,0,0,0,free,0,free_pool,0
9,3,230,240,0,0,0,0,0,free,0,free_pool,0
9,3,231,241,0,0,0,0,0,free,0,free_pool,0
9,3,232,242,0,0,0,0,0,free,0,free_pool,0
9,3,233,243,0,0,0,0,0,free,0,free_pool,0
9,3,234,244,0,0,0,0,0,free,0,free_pool,0
9,3,235,245,0,0,0,0,0,free,0,free_pool,0
9,3,236,246,0,0,0,0,0,free,0,free_pool,0
9,3,237,247,0,0,0,0,0,free,0,free_pool,0
9,3,238,248,0,0,0,0,0,free,0,free_pool,0
9,3,239,249,0,0,0,0,0,free,0,free_pool,0
9,3,240,250,0,0,0,0,0,free,0,free_pool,0
9,3,241,251,0,0,0,0,0,free,0,free_pool,0
9,3,242,252,0,0,0,0,0,free,0,free_pool,0
9,3,243,253,0,0,0,0,0,free,0,free_pool,0
9,3,244,254,0,0,0,0,0,free,0,free_pool,0
9,3,245,255,0,0,0,0,0,free,0,free_pool,0
9,3,246,256,0,0,0,0,0,free,0,free_pool,0
9,3,247,257,0,0,0,0,0,free,0,free_pool,0
9,3,248,258,0,0,0,0,0,free,0,free_pool,0
9,3,249,259,0,0,0,0,0,free,0,free_pool,0
9,3,250,260,0,0,0,0,0,free,0,free_pool,0
9,3,251,261,0,1,0,0,0,free,0,free_pool,1
9,3,252,262,0,0,0,0,0,free,0,free_pool,0
9,3,253,263,0,0,0,0,0,free,0,free_pool,0
9,3,254,264,0,1,0,0,0,free,0,free_pool,1
9,3,255,265,0,0,0,0,0,free,0,free_pool,0
9,3,256,266,0,0,0,0,0,free,0,free_pool,0
9,3,257,267,0,0,0,0,0,free,0,free_pool,0
9,3,258,268,0,0,0,0,0,free,0,free_pool,0
9,3,259,269,0,0,0,0,0,free,0,free_pool,0
9,3,260,270,0,0,0,0,0,free,0,free_pool,0
9,3,261,271,0,0,0,0,0,free,0,free_pool,0
9,3,262,272,0,0,0,0,0,free,0,free_pool,0
9,3,263,273,0,0,0,0,0,free,0,free_pool,0
9,3,264,274,0,0,0,0,0,free,0,free_pool,0
9,3,265,275,0,0,0,0,0,free,0,free_pool,0
9,3,266,276,0,0,0,0,0,free,0,free_pool,0
9,3,267,277,0,0,0,0,0,free,0,free_pool,0
9,3,268,278,0,0,0,0,0,free,0,free_pool,0
9,3,269,279,0,0,0,0,0,free,0,free_pool,0
9,3,270,280,0,0,0,0,0,free,0,free_pool,0
9,3,271,281,0,0,0,0,0,free,0,free_pool,0
9,3,272,282,0,0,0,0,0,free,0,free_pool,0
9,3,273,283,0,0,0,0,0,free,0,free_pool,0
9,3,274,284,0,0,0,0,0,free,0,free_pool,0
9,3,275,285,0,0,0,0,0,free,0,free_pool,0
9,3,276,286,0,0,0,0,0,free,0,free_pool,0
9,3,277,287,0,0,0,0,0,free,0,free_pool,0
9,3,278,288,0,0,0,0,0,free,0,free_pool,0
9,3,279,289,0,0,0,0,0,free,0,free_pool,0
9,3,280,290,0,1,0,0,0,free,0,free_pool,1
9,3,281,291,0,0,0,0,0,free,0,free_pool,0
9,3,282,292,0,0,0,0,0,free,0,free_pool,0
9,3,283,293,0,0,0,0,0,free,0,free_pool,0
9,3,284,294,0,0,0,0,0,free,0,free_pool,0
9,3,285,295,0,0,0,0,0,free,0,free_pool,0
9,3,286,296,0,0,0,0,0,free,0,free_pool,0
9,3,287,297,0,0,0,0,0,free,0,free_pool,0
9,3,288,298,0,0,0,0,0,free,0,free_pool,0
9,3,289,299,0,0,0,0,0,free,0,free_pool,0
9,3,290,300,0,0,0,0,0,free,0,free_pool,0
9,3,291,301,0,1,0,0,0,free,0,free_pool,1
9,3,292,302,0,0,0,0,0,free,0,free_pool,0
9,3,293,303,0,0,0,0,0,free,0,free_pool,0
9,3,294,304,0,0,0,0,0,free,0,free_pool,0
9,3,295,305,0,0,0,0,0,free,0,free_pool,0
9,3,296,306,0,0,0,0,0,free,0,free_pool,0
9,3,297,307,0,0,0,0,0,free,0,free_pool,0
9,3,298,308,0,0,0,0,0,free,0,free_pool,0
9,3,299,309,0,0,0,0,0,free,0,free_pool,0
9,3,300,310,0,0,0,0,0,free,0,free_pool,0
9,3,301,311,0,0,0,0,0,free,0,free_pool,0
9,3,302,312,0,0,0,0,0,free,0,free_pool,0
9,3,303,313,0,0,0,0,0,free,0,free_pool,0
9,3,304,314,0,0,0,0,0,free,0,free_pool,0
9,3,305,315,0,0,0,0,0,free,0,free_pool,0
9,3,306,316,0,0,0,0,0,free,0,free_pool,0
9,3,307,317,0,0,0,0,0,free,0,free_pool,0
9,3,308,318,0,0,0,0,0,free,0,free_pool,0
9,3,309,319,0,1,0,0,0,free,0,free_pool,1
9,3,310,320,0,0,0,0,0,free,0,free_pool,0
9,3,311,321,0,0,0,0,0,free,0,free_pool,0
9,3,312,322,0,0,0,0,0,free,0,free_pool,0
9,3,313,323,0,0,0,0,0,free,0,free_pool,0
9,3,314,324,0,0,0,0,0,free,0,free_pool,0
9,3,315,325,0,0,0,0,0,free,0,free_pool,0
9,3,316,326,0,0,0,0,0,free,0,free_pool,0
9,3,317,327,0,0,0,0,0,free,0,free_pool,0
9,3,318,328,0,0,0,0,0,free,0,free_pool,0
9,3,319,329,0,0,0,0,0,free,0,free_pool,0
9,3,320,330,0,0,0,0,0,free,0,free_pool,0
9,3,321,331,0,0,0,0,0,free,0,free_pool,0
9,3,322,332,0,0,0,0,0,free,0,free_pool,0
9,3,323,333,0,0,0,0,0,free,0,free_pool,0
9,3,324,334,0,0,0,0,0,free,0,free_pool,0
9,3,325,335,0,0,0,0,0,free,0,free_pool,0
9,3,326,336,0,0,0,0,0,free,0,free_pool,0
9,3,327,337,0,0,0,0,0,free,0,free_pool,0
9,3,328,338,0,1,0,0,0,free,0,free_pool,1
9,3,329,339,0,0,0,0,0,free,0,free_pool,0
9,3,330,340,0,0,0,0,0,free,0,free_pool,0
9,3,331,341,0,0,0,0,0,free,0,free_pool,0
9,3,332,342,0,0,0,0,0,free,0,free_pool,0
9,3,333,343,0,0,0,0,0,free,0,free_pool,0
9,3,334,344,0,0,0,0,0,free,0,free_pool,0
9,3,335,345,0,0,0,0,0,free,0,free_pool,0
9,3,336,346,0,0,0,0,0,free,0,free_pool,0
9,3,337,347,0,0,0,0,0,free,0,free_pool,0
9,3,338,348,0,1,0,0,0,free,0,free_pool,1
9,3,339,349,0,0,0,0,0,free,0,free_pool,0
9,3,340,350,0,0,0,0,0,free,0,free_pool,0
9,3,341,351,0,0,0,0,0,free,0,free_pool,0
9,3,342,352,0,0,0,0,0,free,0,free_pool,0
9,3,343,353,0,0,0,0,0,free,0,free_pool,0
9,3,344,354,0,0,0,0,0,free,0,free_pool,0
9,3,345,355,0,0,0,0,0,free,0,free_pool,0
9,3,346,356,0,0,0,0,0,free,0,free_pool,0
9,3,347,357,0,0,0,0,0,free,0,free_pool,0
9,3,348,358,0,0,0,0,0,free,0,free_pool,0
9,3,349,359,0,0,0,0,0,free,0,free_pool,0
9,3,350,360,0,0,0,0,0,free,0,free_pool,0
9,3,351,361,0,0,0,0,0,free,0,free_pool,0
9,3,352,362,0,0,0,0,0,free,0,free_pool,0
9,3,353,363,0,0,0,0,0,free,0,free_pool,0
9,3,354,364,0,0,0,0,0,free,0,free_pool,0
9,3,355,365,0,0,0,0,0,free,0,free_pool,0
9,3,356,366,0,0,0,0,0,free,0,free_pool,0
9,3,357,367,0,0,0,0,0,free,0,free_pool,0
9,3,358,368,0,0,0,0,0,free,0,free_pool,0
9,3,359,369,0,0,0,0,0,free,0,free_pool,0
9,3,360,370,0,0,0,0,0,free,0,free_pool,0
9,3,361,371,0,0,0,0,0,free,0,free_pool,0
9,3,362,372,0,0,0,0,0,free,0,free_pool,0
9,3,363,373,0,0,0,0,0,free,0,free_pool,0
9,3,364,374,0,0,0,0,0,free,0,free_pool,0
9,3,365,375,0,1,0,0,0,free,0,free_pool,1
9,3,366,376,0,0,0,0,0,free,0,free_pool,0
9,3,367,377,0,1,0,0,0,free,0,free_pool,1
9,3,368,378,0,0,0,0,0,free,0,free_pool,0
9,3,369,379,0,0,0,0,0,free,0,free_pool,0
9,3,370,380,0,0,0,0,0,free,0,free_pool,0
9,3,371,381,0,0,0,0,0,free,0,free_pool,0
9,3,372,382,0,0,0,0,0,free,0,free_pool,0
9,3,373,383,0,0,0,0,0,free,0,free_pool,0
9,3,374,384,0,0,0,0,0,free,0,free_pool,0
9,3,375,385,0,0,0,0,0,free,0,free_pool,0
9,3,376,386,0,0,0,0,0,free,0,free_pool,0
9,3,377,387,0,0,0,0,0,free,0,free_pool,0
9,3,378,388,0,0,0,0,0,free,0,free_pool,0
9,3,379,389,0,0,0,0,0,free,0,free_pool,0
9,3,380,390,0,0,0,0,0,free,0,free_pool,0
9,3,381,391,0,0,0,0,0,free,0,free_pool,0
9,3,382,392,0,0,0,0,0,free,0,free_pool,0
9,3,383,393,0,0,0,0,0,free,0,free_pool,0
9,3,384,394,0,0,0,0,0,free,0,free_pool,0
9,3,385,395,0,0,0,0,0,free,0,free_pool,0
9,3,386,396,0,0,0,0,0,free,0,free_pool,0
9,3,387,397,0,0,0,0,0,free,0,free_pool,0
9,3,388,398,0,0,0,0,0,free,0,free_pool,0
9,3,389,399,0,0,0,0,0,free,0,free_pool,0
9,3,390,400,0,0,0,0,0,free,0,free_pool,0
9,3,391,401,0,0,0,0,0,free,0,free_pool,0
9,3,392,402,0,0,0,0,0,free,0,free_pool,0
9,3,393,403,0,0,0,0,0,free,0,free_pool,0
9,3,394,404,0,0,0,0,0,free,0,free_pool,0
9,3,395,405,0,0,0,0,0,free,0,free_pool,0
9,3,396,406,0,1,0,0,0,free,0,free_pool,1
9,3,397,407,0,0,0,0,0,free,0,free_pool,0
9,3,398,408,0,0,0,0,0,free,0,free_pool,0
9,3,399,409,0,0,0,0,0,free,0,free_pool,0
9,3,400,410,0,0,0,0,0,free,0,free_pool,0
9,3,401,411,0,0,0,0,0,free,0,free_pool,0
9,3,402,412,0,1,0,0,0,free,0,free_pool,1
9,3,403,413,0,0,0,0,0,free,0,free_pool,0
9,3,404,414,0,0,0,0,0,free,0,free_pool,0
9,3,405,415,0,0,0,0,0,free,0,free_pool,0
9,3,406,416,0,0,0,0,0,free,0,free_pool,0
9,3,407,417,0,0,0,0,0,free,0,free_pool,0
9,3,408,418,0,0,0,0,0,free,0,free_pool,0
9,3,409,419,0,0,0,0,0,free,0,free_pool,0
9,3,410,420,0,0,0,0,0,free,0,free_pool,0
9,3,411,421,0,0,0,0,0,free,0,free_pool,0
9,3,412,422,0,0,0,0,0,free,0,free_pool,0
9,3,413,423,0,0,0,0,0,free,0,free_pool,0
9,3,414,424,0,0,0,0,0,free,0,free_pool,0
9,3,415,425,0,0,0,0,0,free,0,free_pool,0
9,3,416,426,0,0,0,0,0,free,0,free_pool,0
9,3,417,427,0,0,0,0,0,free,0,free_pool,0
9,3,418,428,0,0,0,0,0,free,0,free_pool,0
9,3,419,429,0,0,0,0,0,free,0,free_pool,0
9,3,420,430,0,0,0,0,0,free,0,free_pool,0
9,3,421,431,0,0,0,0,0,free,0,free_pool,0
9,3,422,432,0,0,0,0,0,free,0,free_pool,0
9,3,423,433,0,0,0,0,0,free,0,free_pool,0
9,3,424,434,0,0,0,0,0,free,0,free_pool,0
9,3,425,435,0,1,0,0,0,free,0,free_pool,1
9,3,426,436,0,0,0,0,0,free,0,free_pool,0
9,3,427,437,0,0,0,0,0,free,0,free_pool,0
9,3,428,438,0,0,0,0,0,free,0,free_pool,0
9,3,429,439,0,0,0,0,0,free,0,free_pool,0
9,3,430,440,0,0,0,0,0,free,0,free_pool,0
9,3,431,441,0,0,0,0,0,free,0,free_pool,0
9,3,432,442,0,0,0,0,0,free,0,free_pool,0
9,3,433,443,0,0,0,0,0,free,0,free_pool,0
9,3,434,444,0,0,0,0,0,free,0,free_pool,0
9,3,435,445,0,0,0,0,0,free,0,free_pool,0
9,3,436,446,0,0,0,0,0,free,0,free_pool,0
9,3,437,447,0,0,0,0,0,free,0,free_pool,0
9,3,438,448,0,0,0,0,0,free,0,free_pool,0
9,3,439,449,0,1,0,0,0,free,0,free_pool,1
9,3,440,450,0,0,0,0,0,free,0,free_pool,0
9,3,441,451,0,0,0,0,0,free,0,free_pool,0
9,3,442,452,0,0,0,0,0,free,0,free_pool,0
9,3,443,453,0,0,0,0,0,free,0,free_pool,0
9,3,444,454,0,0,0,0,0,free,0,free_pool,0
9,3,445,455,0,0,0,0,0,free,0,free_pool,0
9,3,446,456,0,0,0,0,0,free,0,free_pool,0
9,3,447,457,0,0,0,0,0,free,0,free_pool,0
9,3,448,458,0,0,0,0,0,free,0,free_pool,0
9,3,449,459,0,0,0,0,0,free,0,free_pool,0
9,3,450,460,0,0,0,0,0,free,0,free_pool,0
9,3,451,461,0,0,0,0,0,free,0,free_pool,0
9,3,452,462,0,0,0,0,0,free,0,free_pool,0
9,3,453,463,0,0,0,0,0,free,0,free_pool,0
9,3,454,464,0,1,0,0,0,free,0,free_pool,1
9,3,455,465,0,0,0,0,0,free,0,free_pool,0
9,3,456,466,0,0,0,0,0,free,0,free_pool,0
9,3,457,467,0,0,0,0,0,free,0,free_pool,0
9,3,458,468,0,0,0,0,0,free,0,free_pool,0
9,3,459,469,0,0,0,0,0,free,0,free_pool,0
9,3,460,470,0,0,0,0,0,free,0,free_pool,0
9,3,461,471,0,0,0,0,0,free,0,free_pool,0
9,3,462,472,0,0,0,0,0,free,0,free_pool,0
9,3,463,473,0,0,0,0,0,free,0,free_pool,0
9,3,464,474,0,0,0,0,0,free,0,free_pool,0
9,3,465,475,0,0,0,0,0,free,0,free_pool,0
9,3,466,476,0,0,0,0,0,free,0,free_pool,0
9,3,467,477,0,0,0,0,0,free,0,free_pool,0
9,3,468,478,0,0,0,0,0,free,0,free_pool,0
9,3,469,479,0,0,0,0,0,free,0,free_pool,0
9,3,470,480,0,0,0,0,0,free,0,free_pool,0
9,3,471,481,0,0,0,0,0,free,0,free_pool,0
9,3,472,482,0,0,0,0,0,free,0,free_pool,0
9,3,473,483,0,0,0,0,0,free,0,free_pool,0
9,3,474,484,0,0,0,0,0,free,0,free_pool,0
9,3,475,485,0,0,0,0,0,free,0,free_pool,0
9,3,476,486,0,1,0,0,0,free,0,free_pool,1
9,3,477,487,0,0,0,0,0,free,0,free_pool,0
9,3,478,488,0,0,0,0,0,free,0,free_pool,0
9,3,479,489,0,0,0,0,0,free,0,free_pool,0
9,3,480,490,0,0,0,0,0,free,0,free_pool,0
9,3,481,491,0,0,0,0,0,free,0,free_pool,0
9,3,482,492,0,0,0,0,0,free,0,free_pool,0
9,3,483,493,0,1,0,0,0,free,0,free_pool,1
9,3,484,494,0,0,0,0,0,free,0,free_pool,0
9,3,485,495,0,0,0,0,0,free,0,free_pool,0
9,3,486,496,0,0,0,0,0,free,0,free_pool,0
9,3,487,497,0,0,0,0,0,free,0,free_pool,0
9,3,488,498,0,0,0,0,0,free,0,free_pool,0
9,3,489,499,0,0,0,0,0,free,0,free_pool,0
9,3,490,500,0,0,0,0,0,free,0,free_pool,0
9,3,491,501,0,0,0,0,0,free,0,free_pool,0
9,3,492,502,0,0,0,0,0,free,0,free_pool,0
9,3,493,503,0,0,0,0,0,free,0,free_pool,0
9,3,494,504,0,0,0,0,0,free,0,free_pool,0
9,3,495,505,0,0,0,0,0,free,0,free_pool,0
9,3,496,506,0,0,0,0,0,free,0,free_pool,0
9,3,497,507,0,0,0,0,0,free,0,free_pool,0
9,3,498,508,0,0,0,0,0,free,0,free_pool,0
9,3,499,509,0,0,0,0,0,free,0,free_pool,0
9,3,500,510,0,0,0,0,0,free,0,free_pool,0
9,3,501,511,0,0,0,0,0,free,0,free_pool,0
9,3,502,512,0,0,0,0,0,free,0,free_pool,0
9,3,503,513,0,0,0,0,0,free,0,free_pool,0
9,3,504,514,0,0,0,0,0,free,0,free_pool,0
9,3,505,515,0,0,0,0,0,free,0,free_pool,0
9,3,506,516,0,0,0,0,0,free,0,free_pool,0
9,3,507,517,0,0,0,0,0,free,0,free_pool,0
9,3,508,518,0,0,0,0,0,free,0,free_pool,0
9,3,509,519,0,0,0,0,0,free,0,free_pool,0
9,3,510,520,0,0,0,0,0,free,0,free_pool,0
9,3,511,521,0,0,0,0,0,free,0,free_pool,0
